#0 building with "desktop-linux" instance using docker driver

#1 [internal] load build definition from Dockerfile
#1 transferring dockerfile: 1.96kB done
#1 DONE 0.0s

#2 [internal] load metadata for docker.io/library/ubuntu:24.04
#2 DONE 0.5s

#3 [internal] load .dockerignore
#3 transferring context: 2B done
#3 DONE 0.0s

#4 [1/7] FROM docker.io/library/ubuntu:24.04@sha256:534baea6a22c03a63003dbc8dbe78fe34bc0d7e595d9a9dc9834884ff530eb55
#4 resolve docker.io/library/ubuntu:24.04@sha256:534baea6a22c03a63003dbc8dbe78fe34bc0d7e595d9a9dc9834884ff530eb55 done
#4 DONE 0.0s

#5 [2/7] WORKDIR /app
#5 CACHED

#6 [3/7] RUN apt-get update && apt-get install -y     ffmpeg     && rm -rf /var/lib/apt/lists/*
#6 0.412 Get:1 http://ports.ubuntu.com/ubuntu-ports noble InRelease [256 kB]
#6 0.871 Get:2 http://ports.ubuntu.com/ubuntu-ports noble-updates InRelease [126 kB]
#6 0.971 Get:3 http://ports.ubuntu.com/ubuntu-ports noble-backports InRelease [126 kB]
#6 1.121 Get:4 http://ports.ubuntu.com/ubuntu-ports noble-security InRelease [126 kB]
#6 1.200 Get:5 http://ports.ubuntu.com/ubuntu-ports noble/main arm64 Packages [1776 kB]
#6 1.484 Get:6 http://ports.ubuntu.com/ubuntu-ports noble/universe arm64 Packages [19.0 MB]
#6 2.965 Get:7 http://ports.ubuntu.com/ubuntu-ports noble/restricted arm64 Packages [113 kB]
#6 2.975 Get:8 http://ports.ubuntu.com/ubuntu-ports noble/multiverse arm64 Packages [274 kB]
#6 2.983 Get:9 http://ports.ubuntu.com/ubuntu-ports noble-updates/multiverse arm64 Packages [96.8 kB]
#6 2.986 Get:10 http://ports.ubuntu.com/ubuntu-ports noble-updates/restricted arm64 Packages [3132 kB]
#6 3.235 Get:11 http://ports.ubuntu.com/ubuntu-ports noble-updates/main arm64 Packages [1758 kB]
#6 3.407 Get:12 http://ports.ubuntu.com/ubuntu-ports noble-updates/universe arm64 Packages [2210 kB]
#6 3.437 Get:13 http://ports.ubuntu.com/ubuntu-ports noble-backports/universe arm64 Packages [36.3 kB]
#6 3.437 Get:14 http://ports.ubuntu.com/ubuntu-ports noble-backports/main arm64 Packages [49.0 kB]
#6 3.440 Get:15 http://ports.ubuntu.com/ubuntu-ports noble-backports/multiverse arm64 Packages [671 B]
#6 3.440 Get:16 http://ports.ubuntu.com/ubuntu-ports noble-security/universe arm64 Packages [1624 kB]
#6 3.563 Get:17 http://ports.ubuntu.com/ubuntu-ports noble-security/restricted arm64 Packages [2886 kB]
#6 3.797 Get:18 http://ports.ubuntu.com/ubuntu-ports noble-security/main arm64 Packages [1390 kB]
#6 3.921 Get:19 http://ports.ubuntu.com/ubuntu-ports noble-security/multiverse arm64 Packages [89.7 kB]
#6 5.141 Fetched 35.1 MB in 5s (7040 kB/s)
#6 5.141 Reading package lists...
#6 6.504 Reading package lists...
#6 7.346 Building dependency tree...
#6 7.504 Reading state information...
#6 7.714 The following additional packages will be installed:
#6 7.714   adduser adwaita-icon-theme alsa-topology-conf alsa-ucm-conf at-spi2-common
#6 7.714   at-spi2-core ca-certificates dbus dbus-bin dbus-daemon
#6 7.714   dbus-session-bus-common dbus-system-bus-common dbus-user-session
#6 7.714   dconf-gsettings-backend dconf-service dmsetup fontconfig fontconfig-config
#6 7.714   fonts-dejavu-core fonts-dejavu-mono gir1.2-girepository-2.0 gir1.2-glib-2.0
#6 7.714   gsettings-desktop-schemas gtk-update-icon-cache hicolor-icon-theme
#6 7.714   humanity-icon-theme krb5-locales libaacs0 libaom3 libapparmor1 libargon2-1
#6 7.714   libasound2-data libasound2t64 libass9 libasyncns0 libatk-bridge2.0-0t64
#6 7.714   libatk1.0-0t64 libatspi2.0-0t64 libavahi-client3 libavahi-common-data
#6 7.714   libavahi-common3 libavc1394-0 libavcodec60 libavdevice60 libavfilter9
#6 7.714   libavformat60 libavutil58 libbdplus0 libblas3 libbluray2 libbrotli1 libbs2b0
#6 7.714   libbsd0 libcaca0 libcairo-gobject2 libcairo2 libcdio-cdda2t64
#6 7.714   libcdio-paranoia2t64 libcdio19t64 libchromaprint1 libcjson1 libcodec2-1.2
#6 7.714   libcolord2 libcryptsetup12 libcups2t64 libdatrie1 libdav1d7 libdbus-1-3
#6 7.714   libdc1394-25 libdconf1 libdecor-0-0 libdecor-0-plugin-1-gtk libdeflate0
#6 7.714   libdevmapper1.02.1 libdrm-amdgpu1 libdrm-common libdrm2 libedit2 libelf1t64
#6 7.714   libepoxy0 libexpat1 libfdisk1 libfftw3-double3 libflac12t64 libflite1
#6 7.714   libfontconfig1 libfreetype6 libfribidi0 libgbm1 libgdk-pixbuf-2.0-0
#6 7.714   libgdk-pixbuf2.0-bin libgdk-pixbuf2.0-common libgfortran5
#6 7.714   libgirepository-1.0-1 libgl1 libgl1-mesa-dri libglib2.0-0t64 libglib2.0-data
#6 7.714   libglvnd0 libglx-mesa0 libglx0 libgme0 libgomp1 libgraphite2-3 libgsm1
#6 7.714   libgssapi-krb5-2 libgtk-3-0t64 libgtk-3-bin libgtk-3-common libharfbuzz0b
#6 7.714   libhwy1t64 libicu74 libiec61883-0 libjack-jackd2-0 libjbig0 libjpeg-turbo8
#6 7.714   libjpeg8 libjson-c5 libjxl0.7 libk5crypto3 libkeyutils1 libkmod2 libkrb5-3
#6 7.714   libkrb5support0 liblapack3 liblcms2-2 liblerc4 liblilv-0-0 libllvm20
#6 7.714   libmbedcrypto7t64 libmp3lame0 libmpg123-0t64 libmysofa1 libnorm1t64
#6 7.714   libnss-systemd libnuma1 libogg0 libopenal-data libopenal1 libopenjp2-7
#6 7.714   libopenmpt0t64 libopus0 libpam-systemd libpango-1.0-0 libpangocairo-1.0-0
#6 7.714   libpangoft2-1.0-0 libpgm-5.3-0t64 libpixman-1-0 libplacebo338 libpng16-16t64
#6 7.714   libpocketsphinx3 libpostproc57 libpulse0 libpython3-stdlib
#6 7.714   libpython3.12-minimal libpython3.12-stdlib librabbitmq4 librav1e0
#6 7.714   libraw1394-11 libreadline8t64 librist4 librsvg2-2 librsvg2-common
#6 7.714   librubberband2 libsamplerate0 libsdl2-2.0-0 libsensors-config libsensors5
#6 7.714   libserd-0-0 libsharpyuv0 libshine3 libslang2 libsnappy1v5 libsndfile1
#6 7.714   libsndio7.0 libsodium23 libsord-0-0 libsoxr0 libspeex1 libsphinxbase3t64
#6 7.714   libsqlite3-0 libsratom-0-0 libsrt1.5-gnutls libssh-gcrypt-4 libssl3t64
#6 7.714   libsvtav1enc1d1 libswresample4 libswscale7 libsystemd-shared libthai-data
#6 7.714   libthai0 libtheora0 libtiff6 libtwolame0 libudfread0 libunibreak5
#6 7.714   libusb-1.0-0 libva-drm2 libva-x11-2 libva2 libvdpau1 libvidstab1.1
#6 7.714   libvorbis0a libvorbisenc2 libvorbisfile3 libvpx9 libvulkan1
#6 7.714   libwayland-client0 libwayland-cursor0 libwayland-egl1 libwebp7 libwebpmux3
#6 7.715   libx11-6 libx11-data libx11-xcb1 libx264-164 libx265-199 libxau6
#6 7.715   libxcb-dri3-0 libxcb-glx0 libxcb-present0 libxcb-randr0 libxcb-render0
#6 7.715   libxcb-shape0 libxcb-shm0 libxcb-sync1 libxcb-xfixes0 libxcb1 libxcomposite1
#6 7.715   libxcursor1 libxdamage1 libxdmcp6 libxext6 libxfixes3 libxi6 libxinerama1
#6 7.715   libxkbcommon0 libxml2 libxrandr2 libxrender1 libxshmfence1 libxss1 libxtst6
#6 7.715   libxv1 libxvidcore4 libxxf86vm1 libzimg2 libzix-0-0 libzmq5 libzvbi-common
#6 7.715   libzvbi0t64 media-types mesa-libgallium mesa-va-drivers mesa-vdpau-drivers
#6 7.715   mesa-vulkan-drivers netbase networkd-dispatcher ocl-icd-libopencl1 openssl
#6 7.715   pocketsphinx-en-us python3 python3-dbus python3-gi python3-minimal
#6 7.715   python3.12 python3.12-minimal readline-common session-migration
#6 7.715   shared-mime-info systemd systemd-dev systemd-resolved systemd-sysv
#6 7.715   systemd-timesyncd tzdata ubuntu-mono va-driver-all vdpau-driver-all
#6 7.715   x11-common xdg-user-dirs xkb-data
#6 7.716 Suggested packages:
#6 7.716   liblocale-gettext-perl perl cron quota ecryptfs-utils ffmpeg-doc alsa-utils
#6 7.716   libasound2-plugins libcuda1 libnvcuvid1 libnvidia-encode1 libbluray-bdj
#6 7.716   colord cups-common libfftw3-bin libfftw3-dev low-memory-monitor krb5-doc
#6 7.716   krb5-user gvfs jackd2 liblcms2-utils libportaudio2 opus-tools pulseaudio
#6 7.716   libraw1394-doc librsvg2-bin xdg-utils lm-sensors serdi sndiod sordi speex iw
#6 7.716   | wireless-tools opencl-icd python3-doc python3-tk python3-venv
#6 7.716   python-dbus-doc python3.12-venv python3.12-doc binutils binfmt-support
#6 7.716   readline-doc systemd-container systemd-homed systemd-userdbd systemd-boot
#6 7.716   libfido2-1 libip4tc2 libqrencode4 libtss2-esys-3.0.2-0 libtss2-mu-4.0.1-0
#6 7.716   libtss2-rc0 libtss2-tcti-device0 polkitd libvdpau-va-gl1
#6 8.245 The following NEW packages will be installed:
#6 8.245   adduser adwaita-icon-theme alsa-topology-conf alsa-ucm-conf at-spi2-common
#6 8.245   at-spi2-core ca-certificates dbus dbus-bin dbus-daemon
#6 8.245   dbus-session-bus-common dbus-system-bus-common dbus-user-session
#6 8.245   dconf-gsettings-backend dconf-service dmsetup ffmpeg fontconfig
#6 8.245   fontconfig-config fonts-dejavu-core fonts-dejavu-mono
#6 8.245   gir1.2-girepository-2.0 gir1.2-glib-2.0 gsettings-desktop-schemas
#6 8.245   gtk-update-icon-cache hicolor-icon-theme humanity-icon-theme krb5-locales
#6 8.245   libaacs0 libaom3 libapparmor1 libargon2-1 libasound2-data libasound2t64
#6 8.245   libass9 libasyncns0 libatk-bridge2.0-0t64 libatk1.0-0t64 libatspi2.0-0t64
#6 8.245   libavahi-client3 libavahi-common-data libavahi-common3 libavc1394-0
#6 8.245   libavcodec60 libavdevice60 libavfilter9 libavformat60 libavutil58 libbdplus0
#6 8.245   libblas3 libbluray2 libbrotli1 libbs2b0 libbsd0 libcaca0 libcairo-gobject2
#6 8.245   libcairo2 libcdio-cdda2t64 libcdio-paranoia2t64 libcdio19t64 libchromaprint1
#6 8.245   libcjson1 libcodec2-1.2 libcolord2 libcryptsetup12 libcups2t64 libdatrie1
#6 8.245   libdav1d7 libdbus-1-3 libdc1394-25 libdconf1 libdecor-0-0
#6 8.245   libdecor-0-plugin-1-gtk libdeflate0 libdevmapper1.02.1 libdrm-amdgpu1
#6 8.245   libdrm-common libdrm2 libedit2 libelf1t64 libepoxy0 libexpat1 libfdisk1
#6 8.245   libfftw3-double3 libflac12t64 libflite1 libfontconfig1 libfreetype6
#6 8.245   libfribidi0 libgbm1 libgdk-pixbuf-2.0-0 libgdk-pixbuf2.0-bin
#6 8.245   libgdk-pixbuf2.0-common libgfortran5 libgirepository-1.0-1 libgl1
#6 8.245   libgl1-mesa-dri libglib2.0-0t64 libglib2.0-data libglvnd0 libglx-mesa0
#6 8.245   libglx0 libgme0 libgomp1 libgraphite2-3 libgsm1 libgssapi-krb5-2
#6 8.245   libgtk-3-0t64 libgtk-3-bin libgtk-3-common libharfbuzz0b libhwy1t64 libicu74
#6 8.245   libiec61883-0 libjack-jackd2-0 libjbig0 libjpeg-turbo8 libjpeg8 libjson-c5
#6 8.245   libjxl0.7 libk5crypto3 libkeyutils1 libkmod2 libkrb5-3 libkrb5support0
#6 8.245   liblapack3 liblcms2-2 liblerc4 liblilv-0-0 libllvm20 libmbedcrypto7t64
#6 8.245   libmp3lame0 libmpg123-0t64 libmysofa1 libnorm1t64 libnss-systemd libnuma1
#6 8.245   libogg0 libopenal-data libopenal1 libopenjp2-7 libopenmpt0t64 libopus0
#6 8.245   libpam-systemd libpango-1.0-0 libpangocairo-1.0-0 libpangoft2-1.0-0
#6 8.245   libpgm-5.3-0t64 libpixman-1-0 libplacebo338 libpng16-16t64 libpocketsphinx3
#6 8.245   libpostproc57 libpulse0 libpython3-stdlib libpython3.12-minimal
#6 8.245   libpython3.12-stdlib librabbitmq4 librav1e0 libraw1394-11 libreadline8t64
#6 8.245   librist4 librsvg2-2 librsvg2-common librubberband2 libsamplerate0
#6 8.245   libsdl2-2.0-0 libsensors-config libsensors5 libserd-0-0 libsharpyuv0
#6 8.245   libshine3 libslang2 libsnappy1v5 libsndfile1 libsndio7.0 libsodium23
#6 8.245   libsord-0-0 libsoxr0 libspeex1 libsphinxbase3t64 libsqlite3-0 libsratom-0-0
#6 8.245   libsrt1.5-gnutls libssh-gcrypt-4 libsvtav1enc1d1 libswresample4 libswscale7
#6 8.245   libsystemd-shared libthai-data libthai0 libtheora0 libtiff6 libtwolame0
#6 8.245   libudfread0 libunibreak5 libusb-1.0-0 libva-drm2 libva-x11-2 libva2
#6 8.245   libvdpau1 libvidstab1.1 libvorbis0a libvorbisenc2 libvorbisfile3 libvpx9
#6 8.245   libvulkan1 libwayland-client0 libwayland-cursor0 libwayland-egl1 libwebp7
#6 8.245   libwebpmux3 libx11-6 libx11-data libx11-xcb1 libx264-164 libx265-199 libxau6
#6 8.245   libxcb-dri3-0 libxcb-glx0 libxcb-present0 libxcb-randr0 libxcb-render0
#6 8.245   libxcb-shape0 libxcb-shm0 libxcb-sync1 libxcb-xfixes0 libxcb1 libxcomposite1
#6 8.245   libxcursor1 libxdamage1 libxdmcp6 libxext6 libxfixes3 libxi6 libxinerama1
#6 8.245   libxkbcommon0 libxml2 libxrandr2 libxrender1 libxshmfence1 libxss1 libxtst6
#6 8.245   libxv1 libxvidcore4 libxxf86vm1 libzimg2 libzix-0-0 libzmq5 libzvbi-common
#6 8.245   libzvbi0t64 media-types mesa-libgallium mesa-va-drivers mesa-vdpau-drivers
#6 8.245   mesa-vulkan-drivers netbase networkd-dispatcher ocl-icd-libopencl1 openssl
#6 8.245   pocketsphinx-en-us python3 python3-dbus python3-gi python3-minimal
#6 8.245   python3.12 python3.12-minimal readline-common session-migration
#6 8.245   shared-mime-info systemd systemd-dev systemd-resolved systemd-sysv
#6 8.245   systemd-timesyncd tzdata ubuntu-mono va-driver-all vdpau-driver-all
#6 8.246   x11-common xdg-user-dirs xkb-data
#6 8.246 The following packages will be upgraded:
#6 8.246   libssl3t64
#6 8.460 1 upgraded, 282 newly installed, 0 to remove and 2 not upgraded.
#6 8.460 Need to get 200 MB of archives.
#6 8.460 After this operation, 707 MB of additional disk space will be used.
#6 8.460 Get:1 http://ports.ubuntu.com/ubuntu-ports noble-updates/main arm64 libssl3t64 arm64 3.0.13-0ubuntu3.16 [1838 kB]
#6 9.154 Get:2 http://ports.ubuntu.com/ubuntu-ports noble-updates/main arm64 libpython3.12-minimal arm64 3.12.3-1ubuntu0.17 [835 kB]
#6 9.197 Get:3 http://ports.ubuntu.com/ubuntu-ports noble-updates/main arm64 libexpat1 arm64 2.6.1-2ubuntu0.6 [89.8 kB]
#6 9.200 Get:4 http://ports.ubuntu.com/ubuntu-ports noble-updates/main arm64 python3.12-minimal arm64 3.12.3-1ubuntu0.17 [2253 kB]
#6 9.320 Get:5 http://ports.ubuntu.com/ubuntu-ports noble-updates/main arm64 python3-minimal arm64 3.12.3-0ubuntu2.1 [27.4 kB]
#6 9.320 Get:6 http://ports.ubuntu.com/ubuntu-ports noble/main arm64 media-types all 10.1.0 [27.5 kB]
#6 9.321 Get:7 http://ports.ubuntu.com/ubuntu-ports noble/main arm64 netbase all 6.4 [13.1 kB]
#6 9.326 Get:8 http://ports.ubuntu.com/ubuntu-ports noble-updates/main arm64 tzdata all 2026c-0ubuntu0.24.04.1 [280 kB]
#6 9.348 Get:9 http://ports.ubuntu.com/ubuntu-ports noble/main arm64 readline-common all 8.2-4build1 [56.5 kB]
#6 9.355 Get:10 http://ports.ubuntu.com/ubuntu-ports noble/main arm64 libreadline8t64 arm64 8.2-4build1 [153 kB]
#6 9.364 Get:11 http://ports.ubuntu.com/ubuntu-ports noble-updates/main arm64 libsqlite3-0 arm64 3.45.1-1ubuntu2.8 [691 kB]
#6 9.393 Get:12 http://ports.ubuntu.com/ubuntu-ports noble-updates/main arm64 libpython3.12-stdlib arm64 3.12.3-1ubuntu0.17 [2039 kB]
#6 9.637 Get:13 http://ports.ubuntu.com/ubuntu-ports noble-updates/main arm64 python3.12 arm64 3.12.3-1ubuntu0.17 [651 kB]
#6 9.654 Get:14 http://ports.ubuntu.com/ubuntu-ports noble-updates/main arm64 libpython3-stdlib arm64 3.12.3-0ubuntu2.1 [10.1 kB]
#6 9.654 Get:15 http://ports.ubuntu.com/ubuntu-ports noble-updates/main arm64 python3 arm64 3.12.3-0ubuntu2.1 [23.0 kB]
#6 9.655 Get:16 http://ports.ubuntu.com/ubuntu-ports noble-updates/main arm64 libapparmor1 arm64 4.0.1really4.0.1-0ubuntu0.24.04.8 [51.9 kB]
#6 9.656 Get:17 http://ports.ubuntu.com/ubuntu-ports noble/main arm64 libargon2-1 arm64 0~20190702+dfsg-4build1 [20.5 kB]
#6 9.701 Get:18 http://ports.ubuntu.com/ubuntu-ports noble-updates/main arm64 libdevmapper1.02.1 arm64 2:1.02.185-3ubuntu3.2 [128 kB]
#6 9.706 Get:19 http://ports.ubuntu.com/ubuntu-ports noble/main arm64 libjson-c5 arm64 0.17-1build1 [36.4 kB]
#6 9.707 Get:20 http://ports.ubuntu.com/ubuntu-ports noble-updates/main arm64 libcryptsetup12 arm64 2:2.7.0-1ubuntu4.2 [261 kB]
#6 9.716 Get:21 http://ports.ubuntu.com/ubuntu-ports noble-updates/main arm64 libfdisk1 arm64 2.39.3-9ubuntu6.6 [142 kB]
#6 9.722 Get:22 http://ports.ubuntu.com/ubuntu-ports noble-security/main arm64 libkmod2 arm64 31+20240202-2ubuntu7.2 [52.0 kB]
#6 9.727 Get:23 http://ports.ubuntu.com/ubuntu-ports noble-updates/main arm64 libsystemd-shared arm64 255.4-1ubuntu8.17 [2021 kB]
#6 9.832 Get:24 http://ports.ubuntu.com/ubuntu-ports noble-updates/main arm64 systemd-dev all 255.4-1ubuntu8.17 [107 kB]
#6 9.834 Get:25 http://ports.ubuntu.com/ubuntu-ports noble-updates/main arm64 systemd arm64 255.4-1ubuntu8.17 [3407 kB]
#6 10.29 Get:26 http://ports.ubuntu.com/ubuntu-ports noble-updates/main arm64 systemd-sysv arm64 255.4-1ubuntu8.17 [11.9 kB]
#6 10.29 Get:27 http://ports.ubuntu.com/ubuntu-ports noble/main arm64 adduser all 3.137ubuntu1 [101 kB]
#6 10.29 Get:28 http://ports.ubuntu.com/ubuntu-ports noble-updates/main arm64 openssl arm64 3.0.13-0ubuntu3.16 [985 kB]
#6 10.30 Get:29 http://ports.ubuntu.com/ubuntu-ports noble-updates/main arm64 ca-certificates all 20260601~24.04.1 [139 kB]
#6 10.30 Get:30 http://ports.ubuntu.com/ubuntu-ports noble-updates/main arm64 libdbus-1-3 arm64 1.14.10-4ubuntu4.1 [210 kB]
#6 10.30 Get:31 http://ports.ubuntu.com/ubuntu-ports noble-updates/main arm64 dbus-bin arm64 1.14.10-4ubuntu4.1 [38.8 kB]
#6 10.30 Get:32 http://ports.ubuntu.com/ubuntu-ports noble-updates/main arm64 dbus-session-bus-common all 1.14.10-4ubuntu4.1 [80.5 kB]
#6 10.30 Get:33 http://ports.ubuntu.com/ubuntu-ports noble-updates/main arm64 dbus-daemon arm64 1.14.10-4ubuntu4.1 [115 kB]
#6 10.30 Get:34 http://ports.ubuntu.com/ubuntu-ports noble-updates/main arm64 dbus-system-bus-common all 1.14.10-4ubuntu4.1 [81.6 kB]
#6 10.36 Get:35 http://ports.ubuntu.com/ubuntu-ports noble-updates/main arm64 dbus arm64 1.14.10-4ubuntu4.1 [23.9 kB]
#6 10.37 Get:36 http://ports.ubuntu.com/ubuntu-ports noble-updates/main arm64 libpam-systemd arm64 255.4-1ubuntu8.17 [232 kB]
#6 10.38 Get:37 http://ports.ubuntu.com/ubuntu-ports noble-updates/main arm64 dbus-user-session arm64 1.14.10-4ubuntu4.1 [9968 B]
#6 10.38 Get:38 http://ports.ubuntu.com/ubuntu-ports noble-updates/main arm64 dmsetup arm64 2:1.02.185-3ubuntu3.2 [74.7 kB]
#6 10.38 Get:39 http://ports.ubuntu.com/ubuntu-ports noble-updates/main arm64 libglib2.0-0t64 arm64 2.80.0-6ubuntu3.9 [1533 kB]
#6 10.46 Get:40 http://ports.ubuntu.com/ubuntu-ports noble-updates/main arm64 gir1.2-glib-2.0 arm64 2.80.0-6ubuntu3.9 [182 kB]
#6 10.47 Get:41 http://ports.ubuntu.com/ubuntu-ports noble/main arm64 libgirepository-1.0-1 arm64 1.80.1-1 [81.2 kB]
#6 10.47 Get:42 http://ports.ubuntu.com/ubuntu-ports noble/main arm64 gir1.2-girepository-2.0 arm64 1.80.1-1 [24.5 kB]
#6 10.47 Get:43 http://ports.ubuntu.com/ubuntu-ports noble-updates/main arm64 krb5-locales all 1.20.1-6ubuntu2.10 [15.3 kB]
#6 10.47 Get:44 http://ports.ubuntu.com/ubuntu-ports noble-updates/main arm64 libbsd0 arm64 0.12.1-1build1.1 [41.0 kB]
#6 10.47 Get:45 http://ports.ubuntu.com/ubuntu-ports noble-updates/main arm64 libelf1t64 arm64 0.190-1.1ubuntu0.1 [58.4 kB]
#6 10.56 Get:46 http://ports.ubuntu.com/ubuntu-ports noble/main arm64 libfribidi0 arm64 1.0.13-3build1 [26.5 kB]
#6 10.57 Get:47 http://ports.ubuntu.com/ubuntu-ports noble-updates/main arm64 libglib2.0-data all 2.80.0-6ubuntu3.9 [50.1 kB]
#6 10.57 Get:48 http://ports.ubuntu.com/ubuntu-ports noble-updates/main arm64 libkrb5support0 arm64 1.20.1-6ubuntu2.10 [35.4 kB]
#6 10.57 Get:49 http://ports.ubuntu.com/ubuntu-ports noble-updates/main arm64 libk5crypto3 arm64 1.20.1-6ubuntu2.10 [85.8 kB]
#6 10.63 Get:50 http://ports.ubuntu.com/ubuntu-ports noble/main arm64 libkeyutils1 arm64 1.6.3-3build1 [9654 B]
#6 10.63 Get:51 http://ports.ubuntu.com/ubuntu-ports noble-updates/main arm64 libkrb5-3 arm64 1.20.1-6ubuntu2.10 [350 kB]
#6 10.65 Get:52 http://ports.ubuntu.com/ubuntu-ports noble-updates/main arm64 libgssapi-krb5-2 arm64 1.20.1-6ubuntu2.10 [142 kB]
#6 10.65 Get:53 http://ports.ubuntu.com/ubuntu-ports noble-updates/main arm64 libicu74 arm64 74.2-1ubuntu3.1 [10.8 MB]
#6 11.31 Get:54 http://ports.ubuntu.com/ubuntu-ports noble-updates/main arm64 libnss-systemd arm64 255.4-1ubuntu8.17 [155 kB]
#6 11.31 Get:55 http://ports.ubuntu.com/ubuntu-ports noble/main arm64 libslang2 arm64 2.3.3-3build2 [476 kB]
#6 11.31 Get:56 http://ports.ubuntu.com/ubuntu-ports noble-updates/main arm64 libxml2 arm64 2.9.14+dfsg-1.3ubuntu3.9 [737 kB]
#6 11.32 Get:57 http://ports.ubuntu.com/ubuntu-ports noble/main arm64 python3-dbus arm64 1.3.2-5build3 [99.5 kB]
#6 11.32 Get:58 http://ports.ubuntu.com/ubuntu-ports noble/main arm64 python3-gi arm64 3.48.2-1 [233 kB]
#6 11.34 Get:59 http://ports.ubuntu.com/ubuntu-ports noble/main arm64 networkd-dispatcher all 2.2.4-1 [15.5 kB]
#6 11.34 Get:60 http://ports.ubuntu.com/ubuntu-ports noble/main arm64 shared-mime-info arm64 2.4-4 [472 kB]
#6 11.41 Get:61 http://ports.ubuntu.com/ubuntu-ports noble-updates/main arm64 systemd-resolved arm64 255.4-1ubuntu8.17 [291 kB]
#6 11.42 Get:62 http://ports.ubuntu.com/ubuntu-ports noble-updates/main arm64 systemd-timesyncd arm64 255.4-1ubuntu8.17 [34.8 kB]
#6 11.42 Get:63 http://ports.ubuntu.com/ubuntu-ports noble/main arm64 xdg-user-dirs arm64 0.18-1build1 [18.4 kB]
#6 11.42 Get:64 http://ports.ubuntu.com/ubuntu-ports noble-updates/main arm64 xkb-data all 2.41-2ubuntu1.1 [397 kB]
#6 11.44 Get:65 http://ports.ubuntu.com/ubuntu-ports noble-updates/main arm64 libdrm-common all 2.4.125-1ubuntu0.1~24.04.2 [9250 B]
#6 11.44 Get:66 http://ports.ubuntu.com/ubuntu-ports noble-updates/main arm64 libdrm2 arm64 2.4.125-1ubuntu0.1~24.04.2 [42.9 kB]
#6 11.44 Get:67 http://ports.ubuntu.com/ubuntu-ports noble/main arm64 libedit2 arm64 3.1-20230828-1build1 [97.5 kB]
#6 11.45 Get:68 http://ports.ubuntu.com/ubuntu-ports noble-updates/main arm64 libnuma1 arm64 2.0.18-1ubuntu0.24.04.1 [23.7 kB]
#6 11.45 Get:69 http://ports.ubuntu.com/ubuntu-ports noble-updates/main arm64 libpng16-16t64 arm64 1.6.43-5ubuntu0.6 [187 kB]
#6 11.49 Get:70 http://ports.ubuntu.com/ubuntu-ports noble/main arm64 libsensors-config all 1:3.6.0-9build1 [5546 B]
#6 11.50 Get:71 http://ports.ubuntu.com/ubuntu-ports noble/main arm64 libsensors5 arm64 1:3.6.0-9build1 [27.0 kB]
#6 11.50 Get:72 http://ports.ubuntu.com/ubuntu-ports noble/main arm64 libusb-1.0-0 arm64 2:1.0.27-1 [54.1 kB]
#6 11.50 Get:73 http://ports.ubuntu.com/ubuntu-ports noble/main arm64 libxau6 arm64 1:1.0.9-1build6 [7264 B]
#6 11.61 Get:74 http://ports.ubuntu.com/ubuntu-ports noble/main arm64 libxdmcp6 arm64 1:1.1.3-0ubuntu6 [10.4 kB]
#6 11.61 Get:75 http://ports.ubuntu.com/ubuntu-ports noble/main arm64 libxcb1 arm64 1.15-1ubuntu2 [49.4 kB]
#6 11.61 Get:76 http://ports.ubuntu.com/ubuntu-ports noble/main arm64 libx11-data all 2:1.8.7-1build1 [115 kB]
#6 11.61 Get:77 http://ports.ubuntu.com/ubuntu-ports noble/main arm64 libx11-6 arm64 2:1.8.7-1build1 [649 kB]
#6 11.64 Get:78 http://ports.ubuntu.com/ubuntu-ports noble/main arm64 libxext6 arm64 2:1.3.4-1build2 [30.4 kB]
#6 11.64 Get:79 http://ports.ubuntu.com/ubuntu-ports noble/main arm64 libxkbcommon0 arm64 1.6.0-1build1 [122 kB]
#6 11.64 Get:80 http://ports.ubuntu.com/ubuntu-ports noble-updates/main arm64 libgdk-pixbuf2.0-common all 2.42.10+dfsg-3ubuntu3.3 [8302 B]
#6 11.64 Get:81 http://ports.ubuntu.com/ubuntu-ports noble/main arm64 libjpeg-turbo8 arm64 2.1.5-2ubuntu2 [163 kB]
#6 11.65 Get:82 http://ports.ubuntu.com/ubuntu-ports noble/main arm64 libjpeg8 arm64 8c-2ubuntu11 [2148 B]
#6 11.65 Get:83 http://ports.ubuntu.com/ubuntu-ports noble-updates/main arm64 libdeflate0 arm64 1.19-1build1.1 [43.5 kB]
#6 11.69 Get:84 http://ports.ubuntu.com/ubuntu-ports noble/main arm64 libjbig0 arm64 2.1-6.1ubuntu2 [29.3 kB]
#6 11.69 Get:85 http://ports.ubuntu.com/ubuntu-ports noble/main arm64 liblerc4 arm64 4.0.0+ds-4ubuntu2 [154 kB]
#6 11.70 Get:86 http://ports.ubuntu.com/ubuntu-ports noble/main arm64 libsharpyuv0 arm64 1.3.2-0.4build3 [14.5 kB]
#6 11.72 Get:87 http://ports.ubuntu.com/ubuntu-ports noble/main arm64 libwebp7 arm64 1.3.2-0.4build3 [191 kB]
#6 11.73 Get:88 http://ports.ubuntu.com/ubuntu-ports noble-updates/main arm64 libtiff6 arm64 4.5.1+git230720-4ubuntu2.5 [192 kB]
#6 11.75 Get:89 http://ports.ubuntu.com/ubuntu-ports noble-updates/main arm64 libgdk-pixbuf-2.0-0 arm64 2.42.10+dfsg-3ubuntu3.3 [146 kB]
#6 11.76 Get:90 http://ports.ubuntu.com/ubuntu-ports noble-updates/main arm64 gtk-update-icon-cache arm64 3.24.41-4ubuntu1.3 [52.2 kB]
#6 11.76 Get:91 http://ports.ubuntu.com/ubuntu-ports noble/main arm64 hicolor-icon-theme all 0.17-2 [9976 B]
#6 11.76 Get:92 http://ports.ubuntu.com/ubuntu-ports noble/main arm64 humanity-icon-theme all 0.6.16 [1282 kB]
#6 11.84 Get:93 http://ports.ubuntu.com/ubuntu-ports noble/main arm64 ubuntu-mono all 24.04-0ubuntu1 [151 kB]
#6 11.85 Get:94 http://ports.ubuntu.com/ubuntu-ports noble/main arm64 adwaita-icon-theme all 46.0-1 [723 kB]
#6 11.88 Get:95 http://ports.ubuntu.com/ubuntu-ports noble/main arm64 alsa-topology-conf all 1.2.5.1-2 [15.5 kB]
#6 11.88 Get:96 http://ports.ubuntu.com/ubuntu-ports noble-updates/main arm64 libasound2-data all 1.2.11-1ubuntu0.3 [21.4 kB]
#6 11.88 Get:97 http://ports.ubuntu.com/ubuntu-ports noble-updates/main arm64 libasound2t64 arm64 1.2.11-1ubuntu0.3 [387 kB]
#6 11.90 Get:98 http://ports.ubuntu.com/ubuntu-ports noble-updates/main arm64 alsa-ucm-conf all 1.2.10-1ubuntu5.15 [70.5 kB]
#6 11.91 Get:99 http://ports.ubuntu.com/ubuntu-ports noble/main arm64 at-spi2-common all 2.52.0-1build1 [8674 B]
#6 11.91 Get:100 http://ports.ubuntu.com/ubuntu-ports noble/main arm64 libxi6 arm64 2:1.8.1-1build1 [31.9 kB]
#6 11.91 Get:101 http://ports.ubuntu.com/ubuntu-ports noble/main arm64 libatspi2.0-0t64 arm64 2.52.0-1build1 [80.9 kB]
#6 12.13 Get:102 http://ports.ubuntu.com/ubuntu-ports noble/main arm64 x11-common all 1:7.7+23ubuntu3 [21.7 kB]
#6 12.29 Get:103 http://ports.ubuntu.com/ubuntu-ports noble/main arm64 libxtst6 arm64 2:1.2.3-1.1build1 [13.0 kB]
#6 12.31 Get:104 http://ports.ubuntu.com/ubuntu-ports noble-updates/main arm64 libdconf1 arm64 0.40.0-4ubuntu0.1 [39.9 kB]
#6 12.40 Get:105 http://ports.ubuntu.com/ubuntu-ports noble-updates/main arm64 dconf-service arm64 0.40.0-4ubuntu0.1 [27.0 kB]
#6 12.45 Get:106 http://ports.ubuntu.com/ubuntu-ports noble-updates/main arm64 dconf-gsettings-backend arm64 0.40.0-4ubuntu0.1 [22.0 kB]
#6 12.47 Get:107 http://ports.ubuntu.com/ubuntu-ports noble/main arm64 session-migration arm64 0.3.9build1 [8958 B]
#6 12.47 Get:108 http://ports.ubuntu.com/ubuntu-ports noble-updates/main arm64 gsettings-desktop-schemas all 46.1-0ubuntu1 [35.6 kB]
#6 12.50 Get:109 http://ports.ubuntu.com/ubuntu-ports noble/main arm64 at-spi2-core arm64 2.52.0-1build1 [55.8 kB]
#6 12.54 Get:110 http://ports.ubuntu.com/ubuntu-ports noble-updates/main arm64 libaom3 arm64 3.8.2-2ubuntu0.2 [1620 kB]
#6 12.90 Get:111 http://ports.ubuntu.com/ubuntu-ports noble-updates/universe arm64 libva2 arm64 2.20.0-2ubuntu0.2 [66.7 kB]
#6 12.91 Get:112 http://ports.ubuntu.com/ubuntu-ports noble-updates/universe arm64 libva-drm2 arm64 2.20.0-2ubuntu0.2 [7076 B]
#6 12.91 Get:113 http://ports.ubuntu.com/ubuntu-ports noble/main arm64 libx11-xcb1 arm64 2:1.8.7-1build1 [7870 B]
#6 12.91 Get:114 http://ports.ubuntu.com/ubuntu-ports noble/main arm64 libxcb-dri3-0 arm64 1.15-1ubuntu2 [7196 B]
#6 12.91 Get:115 http://ports.ubuntu.com/ubuntu-ports noble/main arm64 libxfixes3 arm64 1:6.0.0-2build1 [11.2 kB]
#6 12.91 Get:116 http://ports.ubuntu.com/ubuntu-ports noble-updates/universe arm64 libva-x11-2 arm64 2.20.0-2ubuntu0.2 [12.1 kB]
#6 12.91 Get:117 http://ports.ubuntu.com/ubuntu-ports noble/main arm64 libvdpau1 arm64 1.5-2build1 [26.4 kB]
#6 12.91 Get:118 http://ports.ubuntu.com/ubuntu-ports noble/universe arm64 ocl-icd-libopencl1 arm64 2.3.2-1build1 [37.6 kB]
#6 12.92 Get:119 http://ports.ubuntu.com/ubuntu-ports noble/universe arm64 libavutil58 arm64 7:6.1.1-3ubuntu5 [388 kB]
#6 12.99 Get:120 http://ports.ubuntu.com/ubuntu-ports noble/main arm64 libbrotli1 arm64 1.1.0-2build2 [339 kB]
#6 13.01 Get:121 http://ports.ubuntu.com/ubuntu-ports noble-updates/main arm64 libfreetype6 arm64 2.13.2+dfsg-1ubuntu0.1 [394 kB]
#6 13.03 Get:122 http://ports.ubuntu.com/ubuntu-ports noble/main arm64 fonts-dejavu-mono all 2.37-8 [502 kB]
#6 13.05 Get:123 http://ports.ubuntu.com/ubuntu-ports noble/main arm64 fonts-dejavu-core all 2.37-8 [835 kB]
#6 13.09 Get:124 http://ports.ubuntu.com/ubuntu-ports noble/main arm64 fontconfig-config arm64 2.15.0-1.1ubuntu2 [37.4 kB]
#6 13.18 Get:125 http://ports.ubuntu.com/ubuntu-ports noble/main arm64 libfontconfig1 arm64 2.15.0-1.1ubuntu2 [142 kB]
#6 13.19 Get:126 http://ports.ubuntu.com/ubuntu-ports noble/main arm64 libpixman-1-0 arm64 0.42.2-1build1 [204 kB]
#6 13.20 Get:127 http://ports.ubuntu.com/ubuntu-ports noble/main arm64 libxcb-render0 arm64 1.15-1ubuntu2 [16.6 kB]
#6 13.20 Get:128 http://ports.ubuntu.com/ubuntu-ports noble/main arm64 libxcb-shm0 arm64 1.15-1ubuntu2 [5876 B]
#6 13.20 Get:129 http://ports.ubuntu.com/ubuntu-ports noble/main arm64 libxrender1 arm64 1:0.9.10-1.1build1 [18.8 kB]
#6 13.20 Get:130 http://ports.ubuntu.com/ubuntu-ports noble/main arm64 libcairo2 arm64 1.18.0-3build1 [555 kB]
#6 13.22 Get:131 http://ports.ubuntu.com/ubuntu-ports noble/universe arm64 libcodec2-1.2 arm64 1.2.0-2build1 [8996 kB]
#6 13.89 Get:132 http://ports.ubuntu.com/ubuntu-ports noble/universe arm64 libdav1d7 arm64 1.4.1-1build1 [298 kB]
#6 13.90 Get:133 http://ports.ubuntu.com/ubuntu-ports noble/universe arm64 libgsm1 arm64 1.0.22-1build1 [27.0 kB]
#6 13.90 Get:134 http://ports.ubuntu.com/ubuntu-ports noble/universe arm64 libhwy1t64 arm64 1.0.7-8.1build1 [437 kB]
#6 13.91 Get:135 http://ports.ubuntu.com/ubuntu-ports noble-updates/main arm64 liblcms2-2 arm64 2.14-2ubuntu0.1 [161 kB]
#6 13.91 Get:136 http://ports.ubuntu.com/ubuntu-ports noble-updates/universe arm64 libjxl0.7 arm64 0.7.0-10.2ubuntu6.1 [690 kB]
#6 13.94 Get:137 http://ports.ubuntu.com/ubuntu-ports noble/main arm64 libmp3lame0 arm64 3.100-6build1 [141 kB]
#6 13.95 Get:138 http://ports.ubuntu.com/ubuntu-ports noble-updates/main arm64 libopenjp2-7 arm64 2.5.0-2ubuntu0.5 [171 kB]
#6 13.96 Get:139 http://ports.ubuntu.com/ubuntu-ports noble/main arm64 libopus0 arm64 1.4-1build1 [198 kB]
#6 13.97 Get:140 http://ports.ubuntu.com/ubuntu-ports noble/universe arm64 librav1e0 arm64 0.7.1-2 [760 kB]
#6 13.99 Get:141 http://ports.ubuntu.com/ubuntu-ports noble/main arm64 libcairo-gobject2 arm64 1.18.0-3build1 [127 kB]
#6 14.00 Get:142 http://ports.ubuntu.com/ubuntu-ports noble/main arm64 fontconfig arm64 2.15.0-1.1ubuntu2 [190 kB]
#6 14.00 Get:143 http://ports.ubuntu.com/ubuntu-ports noble-updates/main arm64 libgraphite2-3 arm64 1.3.14-2ubuntu0.24.04.1 [71.1 kB]
#6 14.01 Get:144 http://ports.ubuntu.com/ubuntu-ports noble/main arm64 libharfbuzz0b arm64 8.3.0-2build2 [463 kB]
#6 14.03 Get:145 http://ports.ubuntu.com/ubuntu-ports noble/main arm64 libthai-data all 0.1.29-2build1 [158 kB]
#6 14.04 Get:146 http://ports.ubuntu.com/ubuntu-ports noble/main arm64 libdatrie1 arm64 0.2.13-3build1 [19.2 kB]
#6 14.04 Get:147 http://ports.ubuntu.com/ubuntu-ports noble/main arm64 libthai0 arm64 0.1.29-2build1 [18.2 kB]
#6 14.04 Get:148 http://ports.ubuntu.com/ubuntu-ports noble/main arm64 libpango-1.0-0 arm64 1.52.1+ds-1build1 [228 kB]
#6 14.05 Get:149 http://ports.ubuntu.com/ubuntu-ports noble/main arm64 libpangoft2-1.0-0 arm64 1.52.1+ds-1build1 [42.0 kB]
#6 14.05 Get:150 http://ports.ubuntu.com/ubuntu-ports noble/main arm64 libpangocairo-1.0-0 arm64 1.52.1+ds-1build1 [27.4 kB]
#6 14.07 Get:151 http://ports.ubuntu.com/ubuntu-ports noble/main arm64 librsvg2-2 arm64 2.58.0+dfsg-1build1 [2027 kB]
#6 14.27 Get:152 http://ports.ubuntu.com/ubuntu-ports noble/universe arm64 libshine3 arm64 3.1.1-2build1 [25.8 kB]
#6 14.27 Get:153 http://ports.ubuntu.com/ubuntu-ports noble/main arm64 libsnappy1v5 arm64 1.1.10-1build1 [28.6 kB]
#6 14.27 Get:154 http://ports.ubuntu.com/ubuntu-ports noble-updates/main arm64 libspeex1 arm64 1.2.1-2ubuntu2.24.04.1 [56.2 kB]
#6 14.27 Get:155 http://ports.ubuntu.com/ubuntu-ports noble/universe arm64 libsvtav1enc1d1 arm64 1.7.0+dfsg-2build1 [1276 kB]
#6 14.44 Get:156 http://ports.ubuntu.com/ubuntu-ports noble-updates/main arm64 libgomp1 arm64 14.2.0-4ubuntu2~24.04.1 [145 kB]
#6 14.44 Get:157 http://ports.ubuntu.com/ubuntu-ports noble/universe arm64 libsoxr0 arm64 0.1.3-4build3 [56.4 kB]
#6 14.44 Get:158 http://ports.ubuntu.com/ubuntu-ports noble/universe arm64 libswresample4 arm64 7:6.1.1-3ubuntu5 [57.9 kB]
#6 14.44 Get:159 http://ports.ubuntu.com/ubuntu-ports noble/main arm64 libogg0 arm64 1.3.5-3build1 [22.6 kB]
#6 14.44 Get:160 http://ports.ubuntu.com/ubuntu-ports noble/main arm64 libtheora0 arm64 1.1.1+dfsg.1-16.1build3 [224 kB]
#6 14.45 Get:161 http://ports.ubuntu.com/ubuntu-ports noble/main arm64 libtwolame0 arm64 0.4.0-2build3 [51.7 kB]
#6 14.45 Get:162 http://ports.ubuntu.com/ubuntu-ports noble/main arm64 libvorbis0a arm64 1.3.7-1build3 [94.0 kB]
#6 14.45 Get:163 http://ports.ubuntu.com/ubuntu-ports noble/main arm64 libvorbisenc2 arm64 1.3.7-1build3 [80.0 kB]
#6 14.45 Get:164 http://ports.ubuntu.com/ubuntu-ports noble-updates/main arm64 libvpx9 arm64 1.14.0-1ubuntu2.3 [1233 kB]
#6 14.56 Get:165 http://ports.ubuntu.com/ubuntu-ports noble/main arm64 libwebpmux3 arm64 1.3.2-0.4build3 [25.0 kB]
#6 14.56 Get:166 http://ports.ubuntu.com/ubuntu-ports noble/universe arm64 libx264-164 arm64 2:0.164.3108+git31e19f9-1 [542 kB]
#6 14.58 Get:167 http://ports.ubuntu.com/ubuntu-ports noble/universe arm64 libx265-199 arm64 3.5-2build1 [714 kB]
#6 14.62 Get:168 http://ports.ubuntu.com/ubuntu-ports noble/universe arm64 libxvidcore4 arm64 2:1.3.7-1build1 [180 kB]
#6 14.63 Get:169 http://ports.ubuntu.com/ubuntu-ports noble/universe arm64 libzvbi-common all 0.2.42-2 [42.4 kB]
#6 14.63 Get:170 http://ports.ubuntu.com/ubuntu-ports noble/universe arm64 libzvbi0t64 arm64 0.2.42-2 [259 kB]
#6 14.64 Get:171 http://ports.ubuntu.com/ubuntu-ports noble/universe arm64 libavcodec60 arm64 7:6.1.1-3ubuntu5 [5769 kB]
#6 15.02 Get:172 http://ports.ubuntu.com/ubuntu-ports noble/main arm64 libraw1394-11 arm64 2.1.2-2build3 [26.9 kB]
#6 15.02 Get:173 http://ports.ubuntu.com/ubuntu-ports noble/main arm64 libavc1394-0 arm64 0.5.4-5build3 [15.8 kB]
#6 15.03 Get:174 http://ports.ubuntu.com/ubuntu-ports noble/universe arm64 libunibreak5 arm64 5.1-2build1 [25.3 kB]
#6 15.03 Get:175 http://ports.ubuntu.com/ubuntu-ports noble/universe arm64 libass9 arm64 1:0.17.1-2build1 [91.7 kB]
#6 15.03 Get:176 http://ports.ubuntu.com/ubuntu-ports noble/universe arm64 libudfread0 arm64 1.1.2-1build1 [17.0 kB]
#6 15.03 Get:177 http://ports.ubuntu.com/ubuntu-ports noble/universe arm64 libbluray2 arm64 1:1.3.4-1build1 [149 kB]
#6 15.03 Get:178 http://ports.ubuntu.com/ubuntu-ports noble/universe arm64 libchromaprint1 arm64 1.5.1-5 [29.3 kB]
#6 15.03 Get:179 http://ports.ubuntu.com/ubuntu-ports noble/universe arm64 libgme0 arm64 0.6.3-7build1 [129 kB]
#6 15.03 Get:180 http://ports.ubuntu.com/ubuntu-ports noble-updates/main arm64 libmpg123-0t64 arm64 1.32.5-1ubuntu1.1 [172 kB]
#6 15.10 Get:181 http://ports.ubuntu.com/ubuntu-ports noble/main arm64 libvorbisfile3 arm64 1.3.7-1build3 [17.1 kB]
#6 15.10 Get:182 http://ports.ubuntu.com/ubuntu-ports noble/universe arm64 libopenmpt0t64 arm64 0.7.3-1.1build3 [618 kB]
#6 15.13 Get:183 http://ports.ubuntu.com/ubuntu-ports noble-updates/main arm64 librabbitmq4 arm64 0.11.0-1ubuntu0.2 [38.9 kB]
#6 15.13 Get:184 http://ports.ubuntu.com/ubuntu-ports noble/universe arm64 libcjson1 arm64 1.7.17-1 [25.1 kB]
#6 15.13 Get:185 http://ports.ubuntu.com/ubuntu-ports noble/universe arm64 libmbedcrypto7t64 arm64 2.28.8-1 [209 kB]
#6 15.15 Get:186 http://ports.ubuntu.com/ubuntu-ports noble/universe arm64 librist4 arm64 0.2.10+dfsg-2 [76.2 kB]
#6 15.17 Get:187 http://ports.ubuntu.com/ubuntu-ports noble/universe arm64 libsrt1.5-gnutls arm64 1.5.3-1build2 [306 kB]
#6 15.29 Get:188 http://ports.ubuntu.com/ubuntu-ports noble-updates/main arm64 libssh-gcrypt-4 arm64 0.10.6-2ubuntu0.5 [227 kB]
#6 15.30 Get:189 http://ports.ubuntu.com/ubuntu-ports noble/universe arm64 libnorm1t64 arm64 1.5.9+dfsg-3.1build1 [150 kB]
#6 15.31 Get:190 http://ports.ubuntu.com/ubuntu-ports noble/universe arm64 libpgm-5.3-0t64 arm64 5.3.128~dfsg-2.1build1 [162 kB]
#6 15.32 Get:191 http://ports.ubuntu.com/ubuntu-ports noble-updates/main arm64 libsodium23 arm64 1.0.18-1ubuntu0.24.04.1 [119 kB]
#6 15.32 Get:192 http://ports.ubuntu.com/ubuntu-ports noble/universe arm64 libzmq5 arm64 4.3.5-1build2 [247 kB]
#6 15.33 Get:193 http://ports.ubuntu.com/ubuntu-ports noble/universe arm64 libavformat60 arm64 7:6.1.1-3ubuntu5 [1188 kB]
#6 15.51 Get:194 http://ports.ubuntu.com/ubuntu-ports noble/universe arm64 libbs2b0 arm64 3.1.0+dfsg-7build1 [9976 B]
#6 15.51 Get:195 http://ports.ubuntu.com/ubuntu-ports noble/universe arm64 libflite1 arm64 2.2-6build3 [13.6 MB]
#6 16.21 Get:196 http://ports.ubuntu.com/ubuntu-ports noble/universe arm64 libserd-0-0 arm64 0.32.2-1 [42.9 kB]
#6 16.21 Get:197 http://ports.ubuntu.com/ubuntu-ports noble/universe arm64 libzix-0-0 arm64 0.4.2-2build1 [24.0 kB]
#6 16.21 Get:198 http://ports.ubuntu.com/ubuntu-ports noble/universe arm64 libsord-0-0 arm64 0.16.16-2build1 [15.7 kB]
#6 16.22 Get:199 http://ports.ubuntu.com/ubuntu-ports noble/universe arm64 libsratom-0-0 arm64 0.6.16-1build1 [15.8 kB]
#6 16.22 Get:200 http://ports.ubuntu.com/ubuntu-ports noble/universe arm64 liblilv-0-0 arm64 0.24.22-1build1 [41.1 kB]
#6 16.22 Get:201 http://ports.ubuntu.com/ubuntu-ports noble/universe arm64 libmysofa1 arm64 1.3.2+dfsg-2ubuntu2 [1157 kB]
#6 16.36 Get:202 http://ports.ubuntu.com/ubuntu-ports noble/main arm64 libvulkan1 arm64 1.3.275.0-1build1 [150 kB]
#6 16.52 Get:203 http://ports.ubuntu.com/ubuntu-ports noble/universe arm64 libplacebo338 arm64 6.338.2-2build1 [2570 kB]
#6 17.37 Get:204 http://ports.ubuntu.com/ubuntu-ports noble-updates/main arm64 libblas3 arm64 3.12.0-3build1.1 [144 kB]
#6 17.38 Get:205 http://ports.ubuntu.com/ubuntu-ports noble-updates/main arm64 libgfortran5 arm64 14.2.0-4ubuntu2~24.04.1 [439 kB]
#6 17.39 Get:206 http://ports.ubuntu.com/ubuntu-ports noble-updates/main arm64 liblapack3 arm64 3.12.0-3build1.1 [2241 kB]
#6 17.56 Get:207 http://ports.ubuntu.com/ubuntu-ports noble/main arm64 libasyncns0 arm64 0.8-6build4 [11.2 kB]
#6 17.56 Get:208 http://ports.ubuntu.com/ubuntu-ports noble/main arm64 libflac12t64 arm64 1.4.3+ds-2.1ubuntu2 [170 kB]
#6 17.56 Get:209 http://ports.ubuntu.com/ubuntu-ports noble-updates/main arm64 libsndfile1 arm64 1.2.2-1ubuntu5.24.04.1 [208 kB]
#6 17.56 Get:210 http://ports.ubuntu.com/ubuntu-ports noble-updates/main arm64 libpulse0 arm64 1:16.1+dfsg1-2ubuntu10.1 [271 kB]
#6 17.57 Get:211 http://ports.ubuntu.com/ubuntu-ports noble/universe arm64 libsphinxbase3t64 arm64 0.8+5prealpha+1-17build2 [124 kB]
#6 17.57 Get:212 http://ports.ubuntu.com/ubuntu-ports noble/universe arm64 libpocketsphinx3 arm64 0.8.0+real5prealpha+1-15ubuntu5 [129 kB]
#6 17.57 Get:213 http://ports.ubuntu.com/ubuntu-ports noble/universe arm64 libpostproc57 arm64 7:6.1.1-3ubuntu5 [41.2 kB]
#6 17.57 Get:214 http://ports.ubuntu.com/ubuntu-ports noble/main arm64 libfftw3-double3 arm64 3.3.10-1ubuntu3 [384 kB]
#6 17.58 Get:215 http://ports.ubuntu.com/ubuntu-ports noble/main arm64 libsamplerate0 arm64 0.2.2-4build1 [1343 kB]
#6 17.68 Get:216 http://ports.ubuntu.com/ubuntu-ports noble/universe arm64 librubberband2 arm64 3.3.0+dfsg-2build1 [120 kB]
#6 17.68 Get:217 http://ports.ubuntu.com/ubuntu-ports noble/universe arm64 libswscale7 arm64 7:6.1.1-3ubuntu5 [173 kB]
#6 17.70 Get:218 http://ports.ubuntu.com/ubuntu-ports noble/universe arm64 libvidstab1.1 arm64 1.1.0-2build1 [38.7 kB]
#6 17.70 Get:219 http://ports.ubuntu.com/ubuntu-ports noble/universe arm64 libzimg2 arm64 3.0.5+ds1-1build1 [119 kB]
#6 17.70 Get:220 http://ports.ubuntu.com/ubuntu-ports noble/universe arm64 libavfilter9 arm64 7:6.1.1-3ubuntu5 [4089 kB]
#6 18.05 Get:221 http://ports.ubuntu.com/ubuntu-ports noble-updates/main arm64 libcaca0 arm64 0.99.beta20-4ubuntu0.2 [206 kB]
#6 18.05 Get:222 http://ports.ubuntu.com/ubuntu-ports noble-updates/main arm64 libcdio19t64 arm64 2.1.0-4.1ubuntu1.2 [64.2 kB]
#6 18.05 Get:223 http://ports.ubuntu.com/ubuntu-ports noble/main arm64 libcdio-cdda2t64 arm64 10.2+2.0.1-1.1build2 [16.2 kB]
#6 18.05 Get:224 http://ports.ubuntu.com/ubuntu-ports noble/main arm64 libcdio-paranoia2t64 arm64 10.2+2.0.1-1.1build2 [15.8 kB]
#6 18.05 Get:225 http://ports.ubuntu.com/ubuntu-ports noble/universe arm64 libdc1394-25 arm64 2.2.6-4build1 [90.3 kB]
#6 18.05 Get:226 http://ports.ubuntu.com/ubuntu-ports noble/main arm64 libglvnd0 arm64 1.7.0-1build1 [60.6 kB]
#6 18.05 Get:227 http://ports.ubuntu.com/ubuntu-ports noble/main arm64 libxcb-glx0 arm64 1.15-1ubuntu2 [25.5 kB]
#6 18.05 Get:228 http://ports.ubuntu.com/ubuntu-ports noble/main arm64 libxcb-present0 arm64 1.15-1ubuntu2 [5866 B]
#6 18.05 Get:229 http://ports.ubuntu.com/ubuntu-ports noble/main arm64 libxcb-xfixes0 arm64 1.15-1ubuntu2 [10.6 kB]
#6 18.12 Get:230 http://ports.ubuntu.com/ubuntu-ports noble/main arm64 libxxf86vm1 arm64 1:1.1.4-1build4 [9130 B]
#6 18.12 Get:231 http://ports.ubuntu.com/ubuntu-ports noble-updates/main arm64 libdrm-amdgpu1 arm64 2.4.125-1ubuntu0.1~24.04.2 [21.9 kB]
#6 18.13 Get:232 http://ports.ubuntu.com/ubuntu-ports noble-updates/main arm64 libllvm20 arm64 1:20.1.2-0ubuntu1~24.04.3 [29.3 MB]
#6 20.25 Get:233 http://ports.ubuntu.com/ubuntu-ports noble/main arm64 libxcb-randr0 arm64 1.15-1ubuntu2 [18.4 kB]
#6 20.25 Get:234 http://ports.ubuntu.com/ubuntu-ports noble/main arm64 libxcb-sync1 arm64 1.15-1ubuntu2 [9682 B]
#6 20.25 Get:235 http://ports.ubuntu.com/ubuntu-ports noble/main arm64 libxshmfence1 arm64 1.3-1build5 [4938 B]
#6 20.25 Get:236 http://ports.ubuntu.com/ubuntu-ports noble-updates/main arm64 mesa-libgallium arm64 25.2.8-0ubuntu0.24.04.4 [12.1 MB]
#6 20.92 Get:237 http://ports.ubuntu.com/ubuntu-ports noble-updates/main arm64 libgbm1 arm64 25.2.8-0ubuntu0.24.04.4 [35.0 kB]
#6 20.92 Get:238 http://ports.ubuntu.com/ubuntu-ports noble-updates/main arm64 libgl1-mesa-dri arm64 25.2.8-0ubuntu0.24.04.4 [37.0 kB]
#6 20.92 Get:239 http://ports.ubuntu.com/ubuntu-ports noble-updates/main arm64 libglx-mesa0 arm64 25.2.8-0ubuntu0.24.04.4 [111 kB]
#6 20.92 Get:240 http://ports.ubuntu.com/ubuntu-ports noble/main arm64 libglx0 arm64 1.7.0-1build1 [33.2 kB]
#6 20.93 Get:241 http://ports.ubuntu.com/ubuntu-ports noble/main arm64 libgl1 arm64 1.7.0-1build1 [106 kB]
#6 20.93 Get:242 http://ports.ubuntu.com/ubuntu-ports noble/main arm64 libiec61883-0 arm64 1.2.0-6build1 [24.3 kB]
#6 20.93 Get:243 http://ports.ubuntu.com/ubuntu-ports noble/main arm64 libjack-jackd2-0 arm64 1.9.21~dfsg-3ubuntu3 [285 kB]
#6 20.95 Get:244 http://ports.ubuntu.com/ubuntu-ports noble/universe arm64 libopenal-data all 1:1.23.1-4build1 [161 kB]
#6 20.95 Get:245 http://ports.ubuntu.com/ubuntu-ports noble/universe arm64 libsndio7.0 arm64 1.9.0-0.3build3 [29.0 kB]
#6 21.04 Get:246 http://ports.ubuntu.com/ubuntu-ports noble/universe arm64 libopenal1 arm64 1:1.23.1-4build1 [510 kB]
#6 21.06 Get:247 http://ports.ubuntu.com/ubuntu-ports noble/main arm64 libwayland-client0 arm64 1.22.0-2.1build1 [25.9 kB]
#6 21.07 Get:248 http://ports.ubuntu.com/ubuntu-ports noble/main arm64 libdecor-0-0 arm64 0.2.2-1build2 [16.5 kB]
#6 21.07 Get:249 http://ports.ubuntu.com/ubuntu-ports noble/main arm64 libwayland-cursor0 arm64 1.22.0-2.1build1 [10.3 kB]
#6 21.07 Get:250 http://ports.ubuntu.com/ubuntu-ports noble/main arm64 libwayland-egl1 arm64 1.22.0-2.1build1 [5622 B]
#6 21.07 Get:251 http://ports.ubuntu.com/ubuntu-ports noble/main arm64 libxcursor1 arm64 1:1.2.1-1build1 [21.1 kB]
#6 21.07 Get:252 http://ports.ubuntu.com/ubuntu-ports noble/main arm64 libxrandr2 arm64 2:1.5.2-2build1 [19.6 kB]
#6 21.07 Get:253 http://ports.ubuntu.com/ubuntu-ports noble/main arm64 libxss1 arm64 1:1.2.3-1build3 [7244 B]
#6 21.13 Get:254 http://ports.ubuntu.com/ubuntu-ports noble-updates/main arm64 libsdl2-2.0-0 arm64 2.30.0+dfsg-1ubuntu3.1 [671 kB]
#6 21.16 Get:255 http://ports.ubuntu.com/ubuntu-ports noble/main arm64 libxcb-shape0 arm64 1.15-1ubuntu2 [6250 B]
#6 21.17 Get:256 http://ports.ubuntu.com/ubuntu-ports noble/main arm64 libxv1 arm64 2:1.0.11-1.1build1 [10.7 kB]
#6 21.17 Get:257 http://ports.ubuntu.com/ubuntu-ports noble/universe arm64 libavdevice60 arm64 7:6.1.1-3ubuntu5 [81.6 kB]
#6 21.17 Get:258 http://ports.ubuntu.com/ubuntu-ports noble/universe arm64 ffmpeg arm64 7:6.1.1-3ubuntu5 [1880 kB]
#6 21.26 Get:259 http://ports.ubuntu.com/ubuntu-ports noble/universe arm64 libaacs0 arm64 0.11.1-2build1 [57.5 kB]
#6 21.26 Get:260 http://ports.ubuntu.com/ubuntu-ports noble/main arm64 libatk1.0-0t64 arm64 2.52.0-1build1 [55.1 kB]
#6 21.26 Get:261 http://ports.ubuntu.com/ubuntu-ports noble/main arm64 libatk-bridge2.0-0t64 arm64 2.52.0-1build1 [66.3 kB]
#6 21.27 Get:262 http://ports.ubuntu.com/ubuntu-ports noble-updates/main arm64 libavahi-common-data arm64 0.8-13ubuntu6.2 [30.0 kB]
#6 21.27 Get:263 http://ports.ubuntu.com/ubuntu-ports noble-updates/main arm64 libavahi-common3 arm64 0.8-13ubuntu6.2 [23.3 kB]
#6 21.27 Get:264 http://ports.ubuntu.com/ubuntu-ports noble-updates/main arm64 libavahi-client3 arm64 0.8-13ubuntu6.2 [27.3 kB]
#6 21.29 Get:265 http://ports.ubuntu.com/ubuntu-ports noble/universe arm64 libbdplus0 arm64 0.2.0-3build1 [49.4 kB]
#6 21.29 Get:266 http://ports.ubuntu.com/ubuntu-ports noble/main arm64 libcolord2 arm64 1.4.7-1build2 [149 kB]
#6 21.31 Get:267 http://ports.ubuntu.com/ubuntu-ports noble-updates/main arm64 libcups2t64 arm64 2.4.7-1.2ubuntu7.14 [277 kB]
#6 21.34 Get:268 http://ports.ubuntu.com/ubuntu-ports noble/main arm64 libepoxy0 arm64 1.5.10-1build1 [240 kB]
#6 21.35 Get:269 http://ports.ubuntu.com/ubuntu-ports noble/main arm64 libxcomposite1 arm64 1:0.4.5-1build3 [6336 B]
#6 21.35 Get:270 http://ports.ubuntu.com/ubuntu-ports noble/main arm64 libxdamage1 arm64 1:1.1.6-1build1 [6236 B]
#6 21.35 Get:271 http://ports.ubuntu.com/ubuntu-ports noble/main arm64 libxinerama1 arm64 2:1.1.4-3build1 [6394 B]
#6 21.36 Get:272 http://ports.ubuntu.com/ubuntu-ports noble-updates/main arm64 libgtk-3-common all 3.24.41-4ubuntu1.3 [1426 kB]
#6 21.47 Get:273 http://ports.ubuntu.com/ubuntu-ports noble-updates/main arm64 libgtk-3-0t64 arm64 3.24.41-4ubuntu1.3 [2881 kB]
#6 21.80 Get:274 http://ports.ubuntu.com/ubuntu-ports noble/main arm64 libdecor-0-plugin-1-gtk arm64 0.2.2-1build2 [21.0 kB]
#6 21.80 Get:275 http://ports.ubuntu.com/ubuntu-ports noble-updates/main arm64 libgdk-pixbuf2.0-bin arm64 2.42.10+dfsg-3ubuntu3.3 [14.2 kB]
#6 21.80 Get:276 http://ports.ubuntu.com/ubuntu-ports noble-updates/main arm64 libgtk-3-bin arm64 3.24.41-4ubuntu1.3 [73.2 kB]
#6 21.81 Get:277 http://ports.ubuntu.com/ubuntu-ports noble/main arm64 librsvg2-common arm64 2.58.0+dfsg-1build1 [11.5 kB]
#6 21.81 Get:278 http://ports.ubuntu.com/ubuntu-ports noble-updates/universe arm64 mesa-va-drivers arm64 25.2.8-0ubuntu0.24.04.4 [6778 B]
#6 21.81 Get:279 http://ports.ubuntu.com/ubuntu-ports noble-updates/main arm64 mesa-vdpau-drivers arm64 25.2.8-0ubuntu0.24.04.4 [23.4 kB]
#6 21.81 Get:280 http://ports.ubuntu.com/ubuntu-ports noble-updates/main arm64 mesa-vulkan-drivers arm64 25.2.8-0ubuntu0.24.04.4 [19.4 MB]
#6 23.04 Get:281 http://ports.ubuntu.com/ubuntu-ports noble-updates/universe arm64 va-driver-all arm64 2.20.0-2ubuntu0.2 [4980 B]
#6 23.04 Get:282 http://ports.ubuntu.com/ubuntu-ports noble/main arm64 vdpau-driver-all arm64 1.5-2build1 [4414 B]
#6 23.04 Get:283 http://ports.ubuntu.com/ubuntu-ports noble/universe arm64 pocketsphinx-en-us all 0.8.0+real5prealpha+1-15ubuntu5 [27.4 MB]
#6 25.75 debconf: delaying package configuration, since apt-utils is not installed
#6 25.77 Fetched 200 MB in 17s (11.6 MB/s)
#6 25.78 (Reading database ... 
(Reading database ... 5%
(Reading database ... 10%
(Reading database ... 15%
(Reading database ... 20%
(Reading database ... 25%
(Reading database ... 30%
(Reading database ... 35%
(Reading database ... 40%
(Reading database ... 45%
(Reading database ... 50%
(Reading database ... 55%
(Reading database ... 60%
(Reading database ... 65%
(Reading database ... 70%
(Reading database ... 75%
(Reading database ... 80%
(Reading database ... 85%
(Reading database ... 90%
(Reading database ... 95%
(Reading database ... 100%
(Reading database ... 4376 files and directories currently installed.)
#6 25.79 Preparing to unpack .../libssl3t64_3.0.13-0ubuntu3.16_arm64.deb ...
#6 25.79 Unpacking libssl3t64:arm64 (3.0.13-0ubuntu3.16) over (3.0.13-0ubuntu3.15) ...
#6 25.87 Setting up libssl3t64:arm64 (3.0.13-0ubuntu3.16) ...
#6 25.89 Selecting previously unselected package libpython3.12-minimal:arm64.
#6 25.89 (Reading database ... 
(Reading database ... 5%
(Reading database ... 10%
(Reading database ... 15%
(Reading database ... 20%
(Reading database ... 25%
(Reading database ... 30%
(Reading database ... 35%
(Reading database ... 40%
(Reading database ... 45%
(Reading database ... 50%
(Reading database ... 55%
(Reading database ... 60%
(Reading database ... 65%
(Reading database ... 70%
(Reading database ... 75%
(Reading database ... 80%
(Reading database ... 85%
(Reading database ... 90%
(Reading database ... 95%
(Reading database ... 100%
(Reading database ... 4376 files and directories currently installed.)
#6 25.89 Preparing to unpack .../libpython3.12-minimal_3.12.3-1ubuntu0.17_arm64.deb ...
#6 25.89 Unpacking libpython3.12-minimal:arm64 (3.12.3-1ubuntu0.17) ...
#6 25.96 Selecting previously unselected package libexpat1:arm64.
#6 25.96 Preparing to unpack .../libexpat1_2.6.1-2ubuntu0.6_arm64.deb ...
#6 25.96 Unpacking libexpat1:arm64 (2.6.1-2ubuntu0.6) ...
#6 25.98 Selecting previously unselected package python3.12-minimal.
#6 25.98 Preparing to unpack .../python3.12-minimal_3.12.3-1ubuntu0.17_arm64.deb ...
#6 25.98 Unpacking python3.12-minimal (3.12.3-1ubuntu0.17) ...
#6 26.05 Setting up libpython3.12-minimal:arm64 (3.12.3-1ubuntu0.17) ...
#6 26.05 Setting up libexpat1:arm64 (2.6.1-2ubuntu0.6) ...
#6 26.06 Setting up python3.12-minimal (3.12.3-1ubuntu0.17) ...
#6 26.74 Selecting previously unselected package python3-minimal.
#6 26.74 (Reading database ... 
(Reading database ... 5%
(Reading database ... 10%
(Reading database ... 15%
(Reading database ... 20%
(Reading database ... 25%
(Reading database ... 30%
(Reading database ... 35%
(Reading database ... 40%
(Reading database ... 45%
(Reading database ... 50%
(Reading database ... 55%
(Reading database ... 60%
(Reading database ... 65%
(Reading database ... 70%
(Reading database ... 75%
(Reading database ... 80%
(Reading database ... 85%
(Reading database ... 90%
(Reading database ... 95%
(Reading database ... 100%
(Reading database ... 4695 files and directories currently installed.)
#6 26.74 Preparing to unpack .../0-python3-minimal_3.12.3-0ubuntu2.1_arm64.deb ...
#6 26.75 Unpacking python3-minimal (3.12.3-0ubuntu2.1) ...
#6 26.76 Selecting previously unselected package media-types.
#6 26.76 Preparing to unpack .../1-media-types_10.1.0_all.deb ...
#6 26.76 Unpacking media-types (10.1.0) ...
#6 26.78 Selecting previously unselected package netbase.
#6 26.78 Preparing to unpack .../2-netbase_6.4_all.deb ...
#6 26.78 Unpacking netbase (6.4) ...
#6 26.79 Selecting previously unselected package tzdata.
#6 26.79 Preparing to unpack .../3-tzdata_2026c-0ubuntu0.24.04.1_all.deb ...
#6 26.80 Unpacking tzdata (2026c-0ubuntu0.24.04.1) ...
#6 26.86 Selecting previously unselected package readline-common.
#6 26.86 Preparing to unpack .../4-readline-common_8.2-4build1_all.deb ...
#6 26.86 Unpacking readline-common (8.2-4build1) ...
#6 26.87 Selecting previously unselected package libreadline8t64:arm64.
#6 26.87 Preparing to unpack .../5-libreadline8t64_8.2-4build1_arm64.deb ...
#6 26.88 Adding 'diversion of /lib/aarch64-linux-gnu/libhistory.so.8 to /lib/aarch64-linux-gnu/libhistory.so.8.usr-is-merged by libreadline8t64'
#6 26.88 Adding 'diversion of /lib/aarch64-linux-gnu/libhistory.so.8.2 to /lib/aarch64-linux-gnu/libhistory.so.8.2.usr-is-merged by libreadline8t64'
#6 26.88 Adding 'diversion of /lib/aarch64-linux-gnu/libreadline.so.8 to /lib/aarch64-linux-gnu/libreadline.so.8.usr-is-merged by libreadline8t64'
#6 26.89 Adding 'diversion of /lib/aarch64-linux-gnu/libreadline.so.8.2 to /lib/aarch64-linux-gnu/libreadline.so.8.2.usr-is-merged by libreadline8t64'
#6 26.89 Unpacking libreadline8t64:arm64 (8.2-4build1) ...
#6 26.91 Selecting previously unselected package libsqlite3-0:arm64.
#6 26.91 Preparing to unpack .../6-libsqlite3-0_3.45.1-1ubuntu2.8_arm64.deb ...
#6 26.91 Unpacking libsqlite3-0:arm64 (3.45.1-1ubuntu2.8) ...
#6 26.93 Selecting previously unselected package libpython3.12-stdlib:arm64.
#6 26.93 Preparing to unpack .../7-libpython3.12-stdlib_3.12.3-1ubuntu0.17_arm64.deb ...
#6 26.93 Unpacking libpython3.12-stdlib:arm64 (3.12.3-1ubuntu0.17) ...
#6 27.02 Selecting previously unselected package python3.12.
#6 27.03 Preparing to unpack .../8-python3.12_3.12.3-1ubuntu0.17_arm64.deb ...
#6 27.03 Unpacking python3.12 (3.12.3-1ubuntu0.17) ...
#6 27.04 Selecting previously unselected package libpython3-stdlib:arm64.
#6 27.04 Preparing to unpack .../9-libpython3-stdlib_3.12.3-0ubuntu2.1_arm64.deb ...
#6 27.05 Unpacking libpython3-stdlib:arm64 (3.12.3-0ubuntu2.1) ...
#6 27.06 Setting up python3-minimal (3.12.3-0ubuntu2.1) ...
#6 27.18 Selecting previously unselected package python3.
#6 27.18 (Reading database ... 
(Reading database ... 5%
(Reading database ... 10%
(Reading database ... 15%
(Reading database ... 20%
(Reading database ... 25%
(Reading database ... 30%
(Reading database ... 35%
(Reading database ... 40%
(Reading database ... 45%
(Reading database ... 50%
(Reading database ... 55%
(Reading database ... 60%
(Reading database ... 65%
(Reading database ... 70%
(Reading database ... 75%
(Reading database ... 80%
(Reading database ... 85%
(Reading database ... 90%
(Reading database ... 95%
(Reading database ... 100%
(Reading database ... 5701 files and directories currently installed.)
#6 27.19 Preparing to unpack .../00-python3_3.12.3-0ubuntu2.1_arm64.deb ...
#6 27.19 Unpacking python3 (3.12.3-0ubuntu2.1) ...
#6 27.20 Selecting previously unselected package libapparmor1:arm64.
#6 27.20 Preparing to unpack .../01-libapparmor1_4.0.1really4.0.1-0ubuntu0.24.04.8_arm64.deb ...
#6 27.21 Unpacking libapparmor1:arm64 (4.0.1really4.0.1-0ubuntu0.24.04.8) ...
#6 27.22 Selecting previously unselected package libargon2-1:arm64.
#6 27.22 Preparing to unpack .../02-libargon2-1_0~20190702+dfsg-4build1_arm64.deb ...
#6 27.22 Unpacking libargon2-1:arm64 (0~20190702+dfsg-4build1) ...
#6 27.24 Selecting previously unselected package libdevmapper1.02.1:arm64.
#6 27.24 Preparing to unpack .../03-libdevmapper1.02.1_2%3a1.02.185-3ubuntu3.2_arm64.deb ...
#6 27.24 Unpacking libdevmapper1.02.1:arm64 (2:1.02.185-3ubuntu3.2) ...
#6 27.25 Selecting previously unselected package libjson-c5:arm64.
#6 27.25 Preparing to unpack .../04-libjson-c5_0.17-1build1_arm64.deb ...
#6 27.26 Unpacking libjson-c5:arm64 (0.17-1build1) ...
#6 27.27 Selecting previously unselected package libcryptsetup12:arm64.
#6 27.27 Preparing to unpack .../05-libcryptsetup12_2%3a2.7.0-1ubuntu4.2_arm64.deb ...
#6 27.27 Unpacking libcryptsetup12:arm64 (2:2.7.0-1ubuntu4.2) ...
#6 27.29 Selecting previously unselected package libfdisk1:arm64.
#6 27.29 Preparing to unpack .../06-libfdisk1_2.39.3-9ubuntu6.6_arm64.deb ...
#6 27.29 Unpacking libfdisk1:arm64 (2.39.3-9ubuntu6.6) ...
#6 27.31 Selecting previously unselected package libkmod2:arm64.
#6 27.31 Preparing to unpack .../07-libkmod2_31+20240202-2ubuntu7.2_arm64.deb ...
#6 27.31 Unpacking libkmod2:arm64 (31+20240202-2ubuntu7.2) ...
#6 27.33 Selecting previously unselected package libsystemd-shared:arm64.
#6 27.33 Preparing to unpack .../08-libsystemd-shared_255.4-1ubuntu8.17_arm64.deb ...
#6 27.33 Unpacking libsystemd-shared:arm64 (255.4-1ubuntu8.17) ...
#6 27.37 Selecting previously unselected package systemd-dev.
#6 27.37 Preparing to unpack .../09-systemd-dev_255.4-1ubuntu8.17_all.deb ...
#6 27.37 Unpacking systemd-dev (255.4-1ubuntu8.17) ...
#6 27.40 Selecting previously unselected package systemd.
#6 27.40 Preparing to unpack .../10-systemd_255.4-1ubuntu8.17_arm64.deb ...
#6 27.41 Unpacking systemd (255.4-1ubuntu8.17) ...
#6 27.56 Setting up libapparmor1:arm64 (4.0.1really4.0.1-0ubuntu0.24.04.8) ...
#6 27.57 Setting up libargon2-1:arm64 (0~20190702+dfsg-4build1) ...
#6 27.57 Setting up libdevmapper1.02.1:arm64 (2:1.02.185-3ubuntu3.2) ...
#6 27.57 Setting up libjson-c5:arm64 (0.17-1build1) ...
#6 27.58 Setting up libcryptsetup12:arm64 (2:2.7.0-1ubuntu4.2) ...
#6 27.58 Setting up libfdisk1:arm64 (2.39.3-9ubuntu6.6) ...
#6 27.58 Setting up libkmod2:arm64 (31+20240202-2ubuntu7.2) ...
#6 27.59 Setting up libsystemd-shared:arm64 (255.4-1ubuntu8.17) ...
#6 27.59 Setting up systemd-dev (255.4-1ubuntu8.17) ...
#6 27.60 Setting up systemd (255.4-1ubuntu8.17) ...
#6 27.62 Created symlink /etc/systemd/system/getty.target.wants/getty@tty1.service → /usr/lib/systemd/system/getty@.service.

#6 27.63 Created symlink /etc/systemd/system/multi-user.target.wants/remote-fs.target → /usr/lib/systemd/system/remote-fs.target.

#6 27.63 Created symlink /etc/systemd/system/sysinit.target.wants/systemd-pstore.service → /usr/lib/systemd/system/systemd-pstore.service.

#6 27.64 Initializing machine ID from random generator.

#6 27.66 /usr/lib/tmpfiles.d/systemd-network.conf:10: Failed to resolve user 'systemd-network': No such process

#6 27.66 /usr/lib/tmpfiles.d/systemd-network.conf:11: Failed to resolve user 'systemd-network': No such process

#6 27.66 /usr/lib/tmpfiles.d/systemd-network.conf:12: Failed to resolve user 'systemd-network': No such process

#6 27.66 /usr/lib/tmpfiles.d/systemd-network.conf:13: Failed to resolve user 'systemd-network': No such process

#6 27.66 /usr/lib/tmpfiles.d/systemd.conf:22: Failed to resolve group 'systemd-journal': No such process

#6 27.66 /usr/lib/tmpfiles.d/systemd.conf:23: Failed to resolve group 'systemd-journal': No such process

#6 27.66 /usr/lib/tmpfiles.d/systemd.conf:28: Failed to resolve group 'systemd-journal': No such process

#6 27.66 /usr/lib/tmpfiles.d/systemd.conf:29: Failed to resolve group 'systemd-journal': No such process

#6 27.66 /usr/lib/tmpfiles.d/systemd.conf:30: Failed to resolve group 'systemd-journal': No such process

#6 27.67 Creating group 'systemd-journal' with GID 999.

#6 27.67 Creating group 'systemd-network' with GID 998.

#6 27.67 Creating user 'systemd-network' (systemd Network Management) with UID 998 and GID 998.

#6 27.73 Selecting previously unselected package systemd-sysv.
#6 27.73 (Reading database ... 
(Reading database ... 5%
(Reading database ... 10%
(Reading database ... 15%
(Reading database ... 20%
(Reading database ... 25%
(Reading database ... 30%
(Reading database ... 35%
(Reading database ... 40%
(Reading database ... 45%
(Reading database ... 50%
(Reading database ... 55%
(Reading database ... 60%
(Reading database ... 65%
(Reading database ... 70%
(Reading database ... 75%
(Reading database ... 80%
(Reading database ... 85%
(Reading database ... 90%
(Reading database ... 95%
(Reading database ... 100%
(Reading database ... 6751 files and directories currently installed.)
#6 27.73 Preparing to unpack .../systemd-sysv_255.4-1ubuntu8.17_arm64.deb ...
#6 27.74 Unpacking systemd-sysv (255.4-1ubuntu8.17) ...
#6 27.76 Selecting previously unselected package adduser.
#6 27.76 Preparing to unpack .../adduser_3.137ubuntu1_all.deb ...
#6 27.76 Unpacking adduser (3.137ubuntu1) ...
#6 27.80 Setting up adduser (3.137ubuntu1) ...
#6 27.99 Selecting previously unselected package openssl.
#6 27.99 (Reading database ... 
(Reading database ... 5%
(Reading database ... 10%
(Reading database ... 15%
(Reading database ... 20%
(Reading database ... 25%
(Reading database ... 30%
(Reading database ... 35%
(Reading database ... 40%
(Reading database ... 45%
(Reading database ... 50%
(Reading database ... 55%
(Reading database ... 60%
(Reading database ... 65%
(Reading database ... 70%
(Reading database ... 75%
(Reading database ... 80%
(Reading database ... 85%
(Reading database ... 90%
(Reading database ... 95%
(Reading database ... 100%
(Reading database ... 6817 files and directories currently installed.)
#6 27.99 Preparing to unpack .../000-openssl_3.0.13-0ubuntu3.16_arm64.deb ...
#6 28.00 Unpacking openssl (3.0.13-0ubuntu3.16) ...
#6 28.06 Selecting previously unselected package ca-certificates.
#6 28.06 Preparing to unpack .../001-ca-certificates_20260601~24.04.1_all.deb ...
#6 28.06 Unpacking ca-certificates (20260601~24.04.1) ...
#6 28.10 Selecting previously unselected package libdbus-1-3:arm64.
#6 28.10 Preparing to unpack .../002-libdbus-1-3_1.14.10-4ubuntu4.1_arm64.deb ...
#6 28.10 Unpacking libdbus-1-3:arm64 (1.14.10-4ubuntu4.1) ...
#6 28.12 Selecting previously unselected package dbus-bin.
#6 28.12 Preparing to unpack .../003-dbus-bin_1.14.10-4ubuntu4.1_arm64.deb ...
#6 28.12 Unpacking dbus-bin (1.14.10-4ubuntu4.1) ...
#6 28.14 Selecting previously unselected package dbus-session-bus-common.
#6 28.14 Preparing to unpack .../004-dbus-session-bus-common_1.14.10-4ubuntu4.1_all.deb ...
#6 28.14 Unpacking dbus-session-bus-common (1.14.10-4ubuntu4.1) ...
#6 28.16 Selecting previously unselected package dbus-daemon.
#6 28.16 Preparing to unpack .../005-dbus-daemon_1.14.10-4ubuntu4.1_arm64.deb ...
#6 28.16 Unpacking dbus-daemon (1.14.10-4ubuntu4.1) ...
#6 28.18 Selecting previously unselected package dbus-system-bus-common.
#6 28.18 Preparing to unpack .../006-dbus-system-bus-common_1.14.10-4ubuntu4.1_all.deb ...
#6 28.19 Unpacking dbus-system-bus-common (1.14.10-4ubuntu4.1) ...
#6 28.22 Selecting previously unselected package dbus.
#6 28.22 Preparing to unpack .../007-dbus_1.14.10-4ubuntu4.1_arm64.deb ...
#6 28.22 Unpacking dbus (1.14.10-4ubuntu4.1) ...
#6 28.25 Selecting previously unselected package libpam-systemd:arm64.
#6 28.25 Preparing to unpack .../008-libpam-systemd_255.4-1ubuntu8.17_arm64.deb ...
#6 28.25 Unpacking libpam-systemd:arm64 (255.4-1ubuntu8.17) ...
#6 28.28 Selecting previously unselected package dbus-user-session.
#6 28.28 Preparing to unpack .../009-dbus-user-session_1.14.10-4ubuntu4.1_arm64.deb ...
#6 28.28 Unpacking dbus-user-session (1.14.10-4ubuntu4.1) ...
#6 28.30 Selecting previously unselected package dmsetup.
#6 28.30 Preparing to unpack .../010-dmsetup_2%3a1.02.185-3ubuntu3.2_arm64.deb ...
#6 28.31 Unpacking dmsetup (2:1.02.185-3ubuntu3.2) ...
#6 28.34 Selecting previously unselected package libglib2.0-0t64:arm64.
#6 28.34 Preparing to unpack .../011-libglib2.0-0t64_2.80.0-6ubuntu3.9_arm64.deb ...
#6 28.35 Unpacking libglib2.0-0t64:arm64 (2.80.0-6ubuntu3.9) ...
#6 28.41 Selecting previously unselected package gir1.2-glib-2.0:arm64.
#6 28.41 Preparing to unpack .../012-gir1.2-glib-2.0_2.80.0-6ubuntu3.9_arm64.deb ...
#6 28.41 Unpacking gir1.2-glib-2.0:arm64 (2.80.0-6ubuntu3.9) ...
#6 28.44 Selecting previously unselected package libgirepository-1.0-1:arm64.
#6 28.44 Preparing to unpack .../013-libgirepository-1.0-1_1.80.1-1_arm64.deb ...
#6 28.45 Unpacking libgirepository-1.0-1:arm64 (1.80.1-1) ...
#6 28.46 Selecting previously unselected package gir1.2-girepository-2.0:arm64.
#6 28.46 Preparing to unpack .../014-gir1.2-girepository-2.0_1.80.1-1_arm64.deb ...
#6 28.46 Unpacking gir1.2-girepository-2.0:arm64 (1.80.1-1) ...
#6 28.48 Selecting previously unselected package krb5-locales.
#6 28.48 Preparing to unpack .../015-krb5-locales_1.20.1-6ubuntu2.10_all.deb ...
#6 28.48 Unpacking krb5-locales (1.20.1-6ubuntu2.10) ...
#6 28.50 Selecting previously unselected package libbsd0:arm64.
#6 28.50 Preparing to unpack .../016-libbsd0_0.12.1-1build1.1_arm64.deb ...
#6 28.50 Unpacking libbsd0:arm64 (0.12.1-1build1.1) ...
#6 28.52 Selecting previously unselected package libelf1t64:arm64.
#6 28.52 Preparing to unpack .../017-libelf1t64_0.190-1.1ubuntu0.1_arm64.deb ...
#6 28.52 Unpacking libelf1t64:arm64 (0.190-1.1ubuntu0.1) ...
#6 28.54 Selecting previously unselected package libfribidi0:arm64.
#6 28.54 Preparing to unpack .../018-libfribidi0_1.0.13-3build1_arm64.deb ...
#6 28.55 Unpacking libfribidi0:arm64 (1.0.13-3build1) ...
#6 28.56 Selecting previously unselected package libglib2.0-data.
#6 28.56 Preparing to unpack .../019-libglib2.0-data_2.80.0-6ubuntu3.9_all.deb ...
#6 28.57 Unpacking libglib2.0-data (2.80.0-6ubuntu3.9) ...
#6 28.59 Selecting previously unselected package libkrb5support0:arm64.
#6 28.59 Preparing to unpack .../020-libkrb5support0_1.20.1-6ubuntu2.10_arm64.deb ...
#6 28.59 Unpacking libkrb5support0:arm64 (1.20.1-6ubuntu2.10) ...
#6 28.61 Selecting previously unselected package libk5crypto3:arm64.
#6 28.61 Preparing to unpack .../021-libk5crypto3_1.20.1-6ubuntu2.10_arm64.deb ...
#6 28.61 Unpacking libk5crypto3:arm64 (1.20.1-6ubuntu2.10) ...
#6 28.63 Selecting previously unselected package libkeyutils1:arm64.
#6 28.63 Preparing to unpack .../022-libkeyutils1_1.6.3-3build1_arm64.deb ...
#6 28.63 Unpacking libkeyutils1:arm64 (1.6.3-3build1) ...
#6 28.64 Selecting previously unselected package libkrb5-3:arm64.
#6 28.64 Preparing to unpack .../023-libkrb5-3_1.20.1-6ubuntu2.10_arm64.deb ...
#6 28.64 Unpacking libkrb5-3:arm64 (1.20.1-6ubuntu2.10) ...
#6 28.67 Selecting previously unselected package libgssapi-krb5-2:arm64.
#6 28.67 Preparing to unpack .../024-libgssapi-krb5-2_1.20.1-6ubuntu2.10_arm64.deb ...
#6 28.68 Unpacking libgssapi-krb5-2:arm64 (1.20.1-6ubuntu2.10) ...
#6 28.70 Selecting previously unselected package libicu74:arm64.
#6 28.70 Preparing to unpack .../025-libicu74_74.2-1ubuntu3.1_arm64.deb ...
#6 28.70 Unpacking libicu74:arm64 (74.2-1ubuntu3.1) ...
#6 28.97 Selecting previously unselected package libnss-systemd:arm64.
#6 28.97 Preparing to unpack .../026-libnss-systemd_255.4-1ubuntu8.17_arm64.deb ...
#6 28.97 Unpacking libnss-systemd:arm64 (255.4-1ubuntu8.17) ...
#6 28.99 Selecting previously unselected package libslang2:arm64.
#6 29.00 Preparing to unpack .../027-libslang2_2.3.3-3build2_arm64.deb ...
#6 29.00 Unpacking libslang2:arm64 (2.3.3-3build2) ...
#6 29.03 Selecting previously unselected package libxml2:arm64.
#6 29.03 Preparing to unpack .../028-libxml2_2.9.14+dfsg-1.3ubuntu3.9_arm64.deb ...
#6 29.03 Unpacking libxml2:arm64 (2.9.14+dfsg-1.3ubuntu3.9) ...
#6 29.06 Selecting previously unselected package python3-dbus.
#6 29.06 Preparing to unpack .../029-python3-dbus_1.3.2-5build3_arm64.deb ...
#6 29.06 Unpacking python3-dbus (1.3.2-5build3) ...
#6 29.08 Selecting previously unselected package python3-gi.
#6 29.08 Preparing to unpack .../030-python3-gi_3.48.2-1_arm64.deb ...
#6 29.08 Unpacking python3-gi (3.48.2-1) ...
#6 29.10 Selecting previously unselected package networkd-dispatcher.
#6 29.10 Preparing to unpack .../031-networkd-dispatcher_2.2.4-1_all.deb ...
#6 29.11 Unpacking networkd-dispatcher (2.2.4-1) ...
#6 29.12 Selecting previously unselected package shared-mime-info.
#6 29.13 Preparing to unpack .../032-shared-mime-info_2.4-4_arm64.deb ...
#6 29.13 Unpacking shared-mime-info (2.4-4) ...
#6 29.16 Selecting previously unselected package systemd-resolved.
#6 29.16 Preparing to unpack .../033-systemd-resolved_255.4-1ubuntu8.17_arm64.deb ...
#6 29.16 Unpacking systemd-resolved (255.4-1ubuntu8.17) ...
#6 29.18 Selecting previously unselected package systemd-timesyncd.
#6 29.18 Preparing to unpack .../034-systemd-timesyncd_255.4-1ubuntu8.17_arm64.deb ...
#6 29.19 Unpacking systemd-timesyncd (255.4-1ubuntu8.17) ...
#6 29.20 Selecting previously unselected package xdg-user-dirs.
#6 29.21 Preparing to unpack .../035-xdg-user-dirs_0.18-1build1_arm64.deb ...
#6 29.21 Unpacking xdg-user-dirs (0.18-1build1) ...
#6 29.22 Selecting previously unselected package xkb-data.
#6 29.22 Preparing to unpack .../036-xkb-data_2.41-2ubuntu1.1_all.deb ...
#6 29.23 Unpacking xkb-data (2.41-2ubuntu1.1) ...
#6 29.29 Selecting previously unselected package libdrm-common.
#6 29.29 Preparing to unpack .../037-libdrm-common_2.4.125-1ubuntu0.1~24.04.2_all.deb ...
#6 29.29 Unpacking libdrm-common (2.4.125-1ubuntu0.1~24.04.2) ...
#6 29.31 Selecting previously unselected package libdrm2:arm64.
#6 29.31 Preparing to unpack .../038-libdrm2_2.4.125-1ubuntu0.1~24.04.2_arm64.deb ...
#6 29.31 Unpacking libdrm2:arm64 (2.4.125-1ubuntu0.1~24.04.2) ...
#6 29.33 Selecting previously unselected package libedit2:arm64.
#6 29.33 Preparing to unpack .../039-libedit2_3.1-20230828-1build1_arm64.deb ...
#6 29.33 Unpacking libedit2:arm64 (3.1-20230828-1build1) ...
#6 29.35 Selecting previously unselected package libnuma1:arm64.
#6 29.35 Preparing to unpack .../040-libnuma1_2.0.18-1ubuntu0.24.04.1_arm64.deb ...
#6 29.35 Unpacking libnuma1:arm64 (2.0.18-1ubuntu0.24.04.1) ...
#6 29.37 Selecting previously unselected package libpng16-16t64:arm64.
#6 29.37 Preparing to unpack .../041-libpng16-16t64_1.6.43-5ubuntu0.6_arm64.deb ...
#6 29.37 Unpacking libpng16-16t64:arm64 (1.6.43-5ubuntu0.6) ...
#6 29.39 Selecting previously unselected package libsensors-config.
#6 29.39 Preparing to unpack .../042-libsensors-config_1%3a3.6.0-9build1_all.deb ...
#6 29.39 Unpacking libsensors-config (1:3.6.0-9build1) ...
#6 29.41 Selecting previously unselected package libsensors5:arm64.
#6 29.41 Preparing to unpack .../043-libsensors5_1%3a3.6.0-9build1_arm64.deb ...
#6 29.41 Unpacking libsensors5:arm64 (1:3.6.0-9build1) ...
#6 29.43 Selecting previously unselected package libusb-1.0-0:arm64.
#6 29.43 Preparing to unpack .../044-libusb-1.0-0_2%3a1.0.27-1_arm64.deb ...
#6 29.43 Unpacking libusb-1.0-0:arm64 (2:1.0.27-1) ...
#6 29.45 Selecting previously unselected package libxau6:arm64.
#6 29.46 Preparing to unpack .../045-libxau6_1%3a1.0.9-1build6_arm64.deb ...
#6 29.46 Unpacking libxau6:arm64 (1:1.0.9-1build6) ...
#6 29.48 Selecting previously unselected package libxdmcp6:arm64.
#6 29.48 Preparing to unpack .../046-libxdmcp6_1%3a1.1.3-0ubuntu6_arm64.deb ...
#6 29.48 Unpacking libxdmcp6:arm64 (1:1.1.3-0ubuntu6) ...
#6 29.51 Selecting previously unselected package libxcb1:arm64.
#6 29.51 Preparing to unpack .../047-libxcb1_1.15-1ubuntu2_arm64.deb ...
#6 29.51 Unpacking libxcb1:arm64 (1.15-1ubuntu2) ...
#6 29.53 Selecting previously unselected package libx11-data.
#6 29.53 Preparing to unpack .../048-libx11-data_2%3a1.8.7-1build1_all.deb ...
#6 29.54 Unpacking libx11-data (2:1.8.7-1build1) ...
#6 29.61 Selecting previously unselected package libx11-6:arm64.
#6 29.61 Preparing to unpack .../049-libx11-6_2%3a1.8.7-1build1_arm64.deb ...
#6 29.61 Unpacking libx11-6:arm64 (2:1.8.7-1build1) ...
#6 29.63 Selecting previously unselected package libxext6:arm64.
#6 29.63 Preparing to unpack .../050-libxext6_2%3a1.3.4-1build2_arm64.deb ...
#6 29.63 Unpacking libxext6:arm64 (2:1.3.4-1build2) ...
#6 29.65 Selecting previously unselected package libxkbcommon0:arm64.
#6 29.65 Preparing to unpack .../051-libxkbcommon0_1.6.0-1build1_arm64.deb ...
#6 29.65 Unpacking libxkbcommon0:arm64 (1.6.0-1build1) ...
#6 29.66 Selecting previously unselected package libgdk-pixbuf2.0-common.
#6 29.66 Preparing to unpack .../052-libgdk-pixbuf2.0-common_2.42.10+dfsg-3ubuntu3.3_all.deb ...
#6 29.66 Unpacking libgdk-pixbuf2.0-common (2.42.10+dfsg-3ubuntu3.3) ...
#6 29.68 Selecting previously unselected package libjpeg-turbo8:arm64.
#6 29.68 Preparing to unpack .../053-libjpeg-turbo8_2.1.5-2ubuntu2_arm64.deb ...
#6 29.68 Unpacking libjpeg-turbo8:arm64 (2.1.5-2ubuntu2) ...
#6 29.69 Selecting previously unselected package libjpeg8:arm64.
#6 29.69 Preparing to unpack .../054-libjpeg8_8c-2ubuntu11_arm64.deb ...
#6 29.69 Unpacking libjpeg8:arm64 (8c-2ubuntu11) ...
#6 29.71 Selecting previously unselected package libdeflate0:arm64.
#6 29.71 Preparing to unpack .../055-libdeflate0_1.19-1build1.1_arm64.deb ...
#6 29.71 Unpacking libdeflate0:arm64 (1.19-1build1.1) ...
#6 29.72 Selecting previously unselected package libjbig0:arm64.
#6 29.73 Preparing to unpack .../056-libjbig0_2.1-6.1ubuntu2_arm64.deb ...
#6 29.73 Unpacking libjbig0:arm64 (2.1-6.1ubuntu2) ...
#6 29.74 Selecting previously unselected package liblerc4:arm64.
#6 29.74 Preparing to unpack .../057-liblerc4_4.0.0+ds-4ubuntu2_arm64.deb ...
#6 29.75 Unpacking liblerc4:arm64 (4.0.0+ds-4ubuntu2) ...
#6 29.76 Selecting previously unselected package libsharpyuv0:arm64.
#6 29.76 Preparing to unpack .../058-libsharpyuv0_1.3.2-0.4build3_arm64.deb ...
#6 29.76 Unpacking libsharpyuv0:arm64 (1.3.2-0.4build3) ...
#6 29.78 Selecting previously unselected package libwebp7:arm64.
#6 29.78 Preparing to unpack .../059-libwebp7_1.3.2-0.4build3_arm64.deb ...
#6 29.78 Unpacking libwebp7:arm64 (1.3.2-0.4build3) ...
#6 29.80 Selecting previously unselected package libtiff6:arm64.
#6 29.80 Preparing to unpack .../060-libtiff6_4.5.1+git230720-4ubuntu2.5_arm64.deb ...
#6 29.80 Unpacking libtiff6:arm64 (4.5.1+git230720-4ubuntu2.5) ...
#6 29.82 Selecting previously unselected package libgdk-pixbuf-2.0-0:arm64.
#6 29.83 Preparing to unpack .../061-libgdk-pixbuf-2.0-0_2.42.10+dfsg-3ubuntu3.3_arm64.deb ...
#6 29.83 Unpacking libgdk-pixbuf-2.0-0:arm64 (2.42.10+dfsg-3ubuntu3.3) ...
#6 29.85 Selecting previously unselected package gtk-update-icon-cache.
#6 29.85 Preparing to unpack .../062-gtk-update-icon-cache_3.24.41-4ubuntu1.3_arm64.deb ...
#6 29.85 Unpacking gtk-update-icon-cache (3.24.41-4ubuntu1.3) ...
#6 29.86 Selecting previously unselected package hicolor-icon-theme.
#6 29.87 Preparing to unpack .../063-hicolor-icon-theme_0.17-2_all.deb ...
#6 29.87 Unpacking hicolor-icon-theme (0.17-2) ...
#6 30.01 Selecting previously unselected package humanity-icon-theme.
#6 30.01 Preparing to unpack .../064-humanity-icon-theme_0.6.16_all.deb ...
#6 30.01 Unpacking humanity-icon-theme (0.6.16) ...
#6 30.97 Selecting previously unselected package ubuntu-mono.
#6 30.98 Preparing to unpack .../065-ubuntu-mono_24.04-0ubuntu1_all.deb ...
#6 30.98 Unpacking ubuntu-mono (24.04-0ubuntu1) ...
#6 31.52 Selecting previously unselected package adwaita-icon-theme.
#6 31.52 Preparing to unpack .../066-adwaita-icon-theme_46.0-1_all.deb ...
#6 31.53 Unpacking adwaita-icon-theme (46.0-1) ...
#6 31.73 Selecting previously unselected package alsa-topology-conf.
#6 31.73 Preparing to unpack .../067-alsa-topology-conf_1.2.5.1-2_all.deb ...
#6 31.73 Unpacking alsa-topology-conf (1.2.5.1-2) ...
#6 31.77 Selecting previously unselected package libasound2-data.
#6 31.78 Preparing to unpack .../068-libasound2-data_1.2.11-1ubuntu0.3_all.deb ...
#6 31.78 Unpacking libasound2-data (1.2.11-1ubuntu0.3) ...
#6 31.82 Selecting previously unselected package libasound2t64:arm64.
#6 31.83 Preparing to unpack .../069-libasound2t64_1.2.11-1ubuntu0.3_arm64.deb ...
#6 31.83 Unpacking libasound2t64:arm64 (1.2.11-1ubuntu0.3) ...
#6 31.86 Selecting previously unselected package alsa-ucm-conf.
#6 31.86 Preparing to unpack .../070-alsa-ucm-conf_1.2.10-1ubuntu5.15_all.deb ...
#6 31.86 Unpacking alsa-ucm-conf (1.2.10-1ubuntu5.15) ...
#6 31.99 Selecting previously unselected package at-spi2-common.
#6 31.99 Preparing to unpack .../071-at-spi2-common_2.52.0-1build1_all.deb ...
#6 31.99 Unpacking at-spi2-common (2.52.0-1build1) ...
#6 32.01 Selecting previously unselected package libxi6:arm64.
#6 32.01 Preparing to unpack .../072-libxi6_2%3a1.8.1-1build1_arm64.deb ...
#6 32.01 Unpacking libxi6:arm64 (2:1.8.1-1build1) ...
#6 32.03 Selecting previously unselected package libatspi2.0-0t64:arm64.
#6 32.03 Preparing to unpack .../073-libatspi2.0-0t64_2.52.0-1build1_arm64.deb ...
#6 32.03 Unpacking libatspi2.0-0t64:arm64 (2.52.0-1build1) ...
#6 32.05 Selecting previously unselected package x11-common.
#6 32.05 Preparing to unpack .../074-x11-common_1%3a7.7+23ubuntu3_all.deb ...
#6 32.05 Unpacking x11-common (1:7.7+23ubuntu3) ...
#6 32.07 Selecting previously unselected package libxtst6:arm64.
#6 32.07 Preparing to unpack .../075-libxtst6_2%3a1.2.3-1.1build1_arm64.deb ...
#6 32.07 Unpacking libxtst6:arm64 (2:1.2.3-1.1build1) ...
#6 32.09 Selecting previously unselected package libdconf1:arm64.
#6 32.09 Preparing to unpack .../076-libdconf1_0.40.0-4ubuntu0.1_arm64.deb ...
#6 32.10 Unpacking libdconf1:arm64 (0.40.0-4ubuntu0.1) ...
#6 32.11 Selecting previously unselected package dconf-service.
#6 32.12 Preparing to unpack .../077-dconf-service_0.40.0-4ubuntu0.1_arm64.deb ...
#6 32.12 Unpacking dconf-service (0.40.0-4ubuntu0.1) ...
#6 32.14 Selecting previously unselected package dconf-gsettings-backend:arm64.
#6 32.14 Preparing to unpack .../078-dconf-gsettings-backend_0.40.0-4ubuntu0.1_arm64.deb ...
#6 32.14 Unpacking dconf-gsettings-backend:arm64 (0.40.0-4ubuntu0.1) ...
#6 32.16 Selecting previously unselected package session-migration.
#6 32.16 Preparing to unpack .../079-session-migration_0.3.9build1_arm64.deb ...
#6 32.17 Unpacking session-migration (0.3.9build1) ...
#6 32.19 Selecting previously unselected package gsettings-desktop-schemas.
#6 32.20 Preparing to unpack .../080-gsettings-desktop-schemas_46.1-0ubuntu1_all.deb ...
#6 32.20 Unpacking gsettings-desktop-schemas (46.1-0ubuntu1) ...
#6 32.41 Selecting previously unselected package at-spi2-core.
#6 32.42 Preparing to unpack .../081-at-spi2-core_2.52.0-1build1_arm64.deb ...
#6 32.42 Unpacking at-spi2-core (2.52.0-1build1) ...
#6 32.45 Selecting previously unselected package libaom3:arm64.
#6 32.45 Preparing to unpack .../082-libaom3_3.8.2-2ubuntu0.2_arm64.deb ...
#6 32.45 Unpacking libaom3:arm64 (3.8.2-2ubuntu0.2) ...
#6 32.50 Selecting previously unselected package libva2:arm64.
#6 32.50 Preparing to unpack .../083-libva2_2.20.0-2ubuntu0.2_arm64.deb ...
#6 32.51 Unpacking libva2:arm64 (2.20.0-2ubuntu0.2) ...
#6 32.53 Selecting previously unselected package libva-drm2:arm64.
#6 32.54 Preparing to unpack .../084-libva-drm2_2.20.0-2ubuntu0.2_arm64.deb ...
#6 32.54 Unpacking libva-drm2:arm64 (2.20.0-2ubuntu0.2) ...
#6 32.55 Selecting previously unselected package libx11-xcb1:arm64.
#6 32.56 Preparing to unpack .../085-libx11-xcb1_2%3a1.8.7-1build1_arm64.deb ...
#6 32.56 Unpacking libx11-xcb1:arm64 (2:1.8.7-1build1) ...
#6 32.57 Selecting previously unselected package libxcb-dri3-0:arm64.
#6 32.57 Preparing to unpack .../086-libxcb-dri3-0_1.15-1ubuntu2_arm64.deb ...
#6 32.58 Unpacking libxcb-dri3-0:arm64 (1.15-1ubuntu2) ...
#6 32.59 Selecting previously unselected package libxfixes3:arm64.
#6 32.59 Preparing to unpack .../087-libxfixes3_1%3a6.0.0-2build1_arm64.deb ...
#6 32.59 Unpacking libxfixes3:arm64 (1:6.0.0-2build1) ...
#6 32.61 Selecting previously unselected package libva-x11-2:arm64.
#6 32.61 Preparing to unpack .../088-libva-x11-2_2.20.0-2ubuntu0.2_arm64.deb ...
#6 32.61 Unpacking libva-x11-2:arm64 (2.20.0-2ubuntu0.2) ...
#6 32.63 Selecting previously unselected package libvdpau1:arm64.
#6 32.63 Preparing to unpack .../089-libvdpau1_1.5-2build1_arm64.deb ...
#6 32.63 Unpacking libvdpau1:arm64 (1.5-2build1) ...
#6 32.65 Selecting previously unselected package ocl-icd-libopencl1:arm64.
#6 32.65 Preparing to unpack .../090-ocl-icd-libopencl1_2.3.2-1build1_arm64.deb ...
#6 32.65 Unpacking ocl-icd-libopencl1:arm64 (2.3.2-1build1) ...
#6 32.67 Selecting previously unselected package libavutil58:arm64.
#6 32.67 Preparing to unpack .../091-libavutil58_7%3a6.1.1-3ubuntu5_arm64.deb ...
#6 32.67 Unpacking libavutil58:arm64 (7:6.1.1-3ubuntu5) ...
#6 32.69 Selecting previously unselected package libbrotli1:arm64.
#6 32.69 Preparing to unpack .../092-libbrotli1_1.1.0-2build2_arm64.deb ...
#6 32.69 Unpacking libbrotli1:arm64 (1.1.0-2build2) ...
#6 32.71 Selecting previously unselected package libfreetype6:arm64.
#6 32.71 Preparing to unpack .../093-libfreetype6_2.13.2+dfsg-1ubuntu0.1_arm64.deb ...
#6 32.72 Unpacking libfreetype6:arm64 (2.13.2+dfsg-1ubuntu0.1) ...
#6 32.73 Selecting previously unselected package fonts-dejavu-mono.
#6 32.74 Preparing to unpack .../094-fonts-dejavu-mono_2.37-8_all.deb ...
#6 32.74 Unpacking fonts-dejavu-mono (2.37-8) ...
#6 32.76 Selecting previously unselected package fonts-dejavu-core.
#6 32.76 Preparing to unpack .../095-fonts-dejavu-core_2.37-8_all.deb ...
#6 32.77 Unpacking fonts-dejavu-core (2.37-8) ...
#6 32.81 Selecting previously unselected package fontconfig-config.
#6 32.81 Preparing to unpack .../096-fontconfig-config_2.15.0-1.1ubuntu2_arm64.deb ...
#6 32.90 Unpacking fontconfig-config (2.15.0-1.1ubuntu2) ...
#6 32.96 Selecting previously unselected package libfontconfig1:arm64.
#6 32.97 Preparing to unpack .../097-libfontconfig1_2.15.0-1.1ubuntu2_arm64.deb ...
#6 32.97 Unpacking libfontconfig1:arm64 (2.15.0-1.1ubuntu2) ...
#6 32.99 Selecting previously unselected package libpixman-1-0:arm64.
#6 33.00 Preparing to unpack .../098-libpixman-1-0_0.42.2-1build1_arm64.deb ...
#6 33.00 Unpacking libpixman-1-0:arm64 (0.42.2-1build1) ...
#6 33.02 Selecting previously unselected package libxcb-render0:arm64.
#6 33.02 Preparing to unpack .../099-libxcb-render0_1.15-1ubuntu2_arm64.deb ...
#6 33.02 Unpacking libxcb-render0:arm64 (1.15-1ubuntu2) ...
#6 33.04 Selecting previously unselected package libxcb-shm0:arm64.
#6 33.04 Preparing to unpack .../100-libxcb-shm0_1.15-1ubuntu2_arm64.deb ...
#6 33.04 Unpacking libxcb-shm0:arm64 (1.15-1ubuntu2) ...
#6 33.06 Selecting previously unselected package libxrender1:arm64.
#6 33.06 Preparing to unpack .../101-libxrender1_1%3a0.9.10-1.1build1_arm64.deb ...
#6 33.07 Unpacking libxrender1:arm64 (1:0.9.10-1.1build1) ...
#6 33.12 Selecting previously unselected package libcairo2:arm64.
#6 33.12 Preparing to unpack .../102-libcairo2_1.18.0-3build1_arm64.deb ...
#6 33.13 Unpacking libcairo2:arm64 (1.18.0-3build1) ...
#6 33.18 Selecting previously unselected package libcodec2-1.2:arm64.
#6 33.18 Preparing to unpack .../103-libcodec2-1.2_1.2.0-2build1_arm64.deb ...
#6 33.19 Unpacking libcodec2-1.2:arm64 (1.2.0-2build1) ...
#6 33.40 Selecting previously unselected package libdav1d7:arm64.
#6 33.41 Preparing to unpack .../104-libdav1d7_1.4.1-1build1_arm64.deb ...
#6 33.41 Unpacking libdav1d7:arm64 (1.4.1-1build1) ...
#6 33.46 Selecting previously unselected package libgsm1:arm64.
#6 33.46 Preparing to unpack .../105-libgsm1_1.0.22-1build1_arm64.deb ...
#6 33.46 Unpacking libgsm1:arm64 (1.0.22-1build1) ...
#6 33.49 Selecting previously unselected package libhwy1t64:arm64.
#6 33.49 Preparing to unpack .../106-libhwy1t64_1.0.7-8.1build1_arm64.deb ...
#6 33.50 Unpacking libhwy1t64:arm64 (1.0.7-8.1build1) ...
#6 33.56 Selecting previously unselected package liblcms2-2:arm64.
#6 33.56 Preparing to unpack .../107-liblcms2-2_2.14-2ubuntu0.1_arm64.deb ...
#6 33.57 Unpacking liblcms2-2:arm64 (2.14-2ubuntu0.1) ...
#6 33.60 Selecting previously unselected package libjxl0.7:arm64.
#6 33.61 Preparing to unpack .../108-libjxl0.7_0.7.0-10.2ubuntu6.1_arm64.deb ...
#6 33.61 Unpacking libjxl0.7:arm64 (0.7.0-10.2ubuntu6.1) ...
#6 33.67 Selecting previously unselected package libmp3lame0:arm64.
#6 33.67 Preparing to unpack .../109-libmp3lame0_3.100-6build1_arm64.deb ...
#6 33.68 Unpacking libmp3lame0:arm64 (3.100-6build1) ...
#6 33.73 Selecting previously unselected package libopenjp2-7:arm64.
#6 33.74 Preparing to unpack .../110-libopenjp2-7_2.5.0-2ubuntu0.5_arm64.deb ...
#6 33.74 Unpacking libopenjp2-7:arm64 (2.5.0-2ubuntu0.5) ...
#6 33.79 Selecting previously unselected package libopus0:arm64.
#6 33.79 Preparing to unpack .../111-libopus0_1.4-1build1_arm64.deb ...
#6 33.80 Unpacking libopus0:arm64 (1.4-1build1) ...
#6 33.84 Selecting previously unselected package librav1e0:arm64.
#6 33.84 Preparing to unpack .../112-librav1e0_0.7.1-2_arm64.deb ...
#6 33.85 Unpacking librav1e0:arm64 (0.7.1-2) ...
#6 33.90 Selecting previously unselected package libcairo-gobject2:arm64.
#6 33.90 Preparing to unpack .../113-libcairo-gobject2_1.18.0-3build1_arm64.deb ...
#6 33.91 Unpacking libcairo-gobject2:arm64 (1.18.0-3build1) ...
#6 33.93 Selecting previously unselected package fontconfig.
#6 33.94 Preparing to unpack .../114-fontconfig_2.15.0-1.1ubuntu2_arm64.deb ...
#6 33.94 Unpacking fontconfig (2.15.0-1.1ubuntu2) ...
#6 33.99 Selecting previously unselected package libgraphite2-3:arm64.
#6 34.00 Preparing to unpack .../115-libgraphite2-3_1.3.14-2ubuntu0.24.04.1_arm64.deb ...
#6 34.00 Unpacking libgraphite2-3:arm64 (1.3.14-2ubuntu0.24.04.1) ...
#6 34.03 Selecting previously unselected package libharfbuzz0b:arm64.
#6 34.04 Preparing to unpack .../116-libharfbuzz0b_8.3.0-2build2_arm64.deb ...
#6 34.04 Unpacking libharfbuzz0b:arm64 (8.3.0-2build2) ...
#6 34.09 Selecting previously unselected package libthai-data.
#6 34.09 Preparing to unpack .../117-libthai-data_0.1.29-2build1_all.deb ...
#6 34.10 Unpacking libthai-data (0.1.29-2build1) ...
#6 34.13 Selecting previously unselected package libdatrie1:arm64.
#6 34.13 Preparing to unpack .../118-libdatrie1_0.2.13-3build1_arm64.deb ...
#6 34.13 Unpacking libdatrie1:arm64 (0.2.13-3build1) ...
#6 34.16 Selecting previously unselected package libthai0:arm64.
#6 34.16 Preparing to unpack .../119-libthai0_0.1.29-2build1_arm64.deb ...
#6 34.17 Unpacking libthai0:arm64 (0.1.29-2build1) ...
#6 34.19 Selecting previously unselected package libpango-1.0-0:arm64.
#6 34.19 Preparing to unpack .../120-libpango-1.0-0_1.52.1+ds-1build1_arm64.deb ...
#6 34.20 Unpacking libpango-1.0-0:arm64 (1.52.1+ds-1build1) ...
#6 34.23 Selecting previously unselected package libpangoft2-1.0-0:arm64.
#6 34.23 Preparing to unpack .../121-libpangoft2-1.0-0_1.52.1+ds-1build1_arm64.deb ...
#6 34.23 Unpacking libpangoft2-1.0-0:arm64 (1.52.1+ds-1build1) ...
#6 34.27 Selecting previously unselected package libpangocairo-1.0-0:arm64.
#6 34.27 Preparing to unpack .../122-libpangocairo-1.0-0_1.52.1+ds-1build1_arm64.deb ...
#6 34.27 Unpacking libpangocairo-1.0-0:arm64 (1.52.1+ds-1build1) ...
#6 34.30 Selecting previously unselected package librsvg2-2:arm64.
#6 34.31 Preparing to unpack .../123-librsvg2-2_2.58.0+dfsg-1build1_arm64.deb ...
#6 34.31 Unpacking librsvg2-2:arm64 (2.58.0+dfsg-1build1) ...
#6 34.40 Selecting previously unselected package libshine3:arm64.
#6 34.40 Preparing to unpack .../124-libshine3_3.1.1-2build1_arm64.deb ...
#6 34.41 Unpacking libshine3:arm64 (3.1.1-2build1) ...
#6 34.44 Selecting previously unselected package libsnappy1v5:arm64.
#6 34.44 Preparing to unpack .../125-libsnappy1v5_1.1.10-1build1_arm64.deb ...
#6 34.44 Unpacking libsnappy1v5:arm64 (1.1.10-1build1) ...
#6 34.46 Selecting previously unselected package libspeex1:arm64.
#6 34.46 Preparing to unpack .../126-libspeex1_1.2.1-2ubuntu2.24.04.1_arm64.deb ...
#6 34.47 Unpacking libspeex1:arm64 (1.2.1-2ubuntu2.24.04.1) ...
#6 34.49 Selecting previously unselected package libsvtav1enc1d1:arm64.
#6 34.50 Preparing to unpack .../127-libsvtav1enc1d1_1.7.0+dfsg-2build1_arm64.deb ...
#6 34.50 Unpacking libsvtav1enc1d1:arm64 (1.7.0+dfsg-2build1) ...
#6 34.57 Selecting previously unselected package libgomp1:arm64.
#6 34.57 Preparing to unpack .../128-libgomp1_14.2.0-4ubuntu2~24.04.1_arm64.deb ...
#6 34.58 Unpacking libgomp1:arm64 (14.2.0-4ubuntu2~24.04.1) ...
#6 34.60 Selecting previously unselected package libsoxr0:arm64.
#6 34.61 Preparing to unpack .../129-libsoxr0_0.1.3-4build3_arm64.deb ...
#6 34.61 Unpacking libsoxr0:arm64 (0.1.3-4build3) ...
#6 34.64 Selecting previously unselected package libswresample4:arm64.
#6 34.64 Preparing to unpack .../130-libswresample4_7%3a6.1.1-3ubuntu5_arm64.deb ...
#6 34.64 Unpacking libswresample4:arm64 (7:6.1.1-3ubuntu5) ...
#6 34.67 Selecting previously unselected package libogg0:arm64.
#6 34.68 Preparing to unpack .../131-libogg0_1.3.5-3build1_arm64.deb ...
#6 34.68 Unpacking libogg0:arm64 (1.3.5-3build1) ...
#6 34.71 Selecting previously unselected package libtheora0:arm64.
#6 34.71 Preparing to unpack .../132-libtheora0_1.1.1+dfsg.1-16.1build3_arm64.deb ...
#6 34.72 Unpacking libtheora0:arm64 (1.1.1+dfsg.1-16.1build3) ...
#6 34.80 Selecting previously unselected package libtwolame0:arm64.
#6 34.80 Preparing to unpack .../133-libtwolame0_0.4.0-2build3_arm64.deb ...
#6 34.84 Unpacking libtwolame0:arm64 (0.4.0-2build3) ...
#6 34.89 Selecting previously unselected package libvorbis0a:arm64.
#6 34.90 Preparing to unpack .../134-libvorbis0a_1.3.7-1build3_arm64.deb ...
#6 34.90 Unpacking libvorbis0a:arm64 (1.3.7-1build3) ...
#6 34.93 Selecting previously unselected package libvorbisenc2:arm64.
#6 34.93 Preparing to unpack .../135-libvorbisenc2_1.3.7-1build3_arm64.deb ...
#6 34.94 Unpacking libvorbisenc2:arm64 (1.3.7-1build3) ...
#6 34.97 Selecting previously unselected package libvpx9:arm64.
#6 34.97 Preparing to unpack .../136-libvpx9_1.14.0-1ubuntu2.3_arm64.deb ...
#6 34.98 Unpacking libvpx9:arm64 (1.14.0-1ubuntu2.3) ...
#6 35.03 Selecting previously unselected package libwebpmux3:arm64.
#6 35.04 Preparing to unpack .../137-libwebpmux3_1.3.2-0.4build3_arm64.deb ...
#6 35.04 Unpacking libwebpmux3:arm64 (1.3.2-0.4build3) ...
#6 35.07 Selecting previously unselected package libx264-164:arm64.
#6 35.07 Preparing to unpack .../138-libx264-164_2%3a0.164.3108+git31e19f9-1_arm64.deb ...
#6 35.08 Unpacking libx264-164:arm64 (2:0.164.3108+git31e19f9-1) ...
#6 35.13 Selecting previously unselected package libx265-199:arm64.
#6 35.13 Preparing to unpack .../139-libx265-199_3.5-2build1_arm64.deb ...
#6 35.14 Unpacking libx265-199:arm64 (3.5-2build1) ...
#6 35.18 Selecting previously unselected package libxvidcore4:arm64.
#6 35.18 Preparing to unpack .../140-libxvidcore4_2%3a1.3.7-1build1_arm64.deb ...
#6 35.18 Unpacking libxvidcore4:arm64 (2:1.3.7-1build1) ...
#6 35.20 Selecting previously unselected package libzvbi-common.
#6 35.21 Preparing to unpack .../141-libzvbi-common_0.2.42-2_all.deb ...
#6 35.21 Unpacking libzvbi-common (0.2.42-2) ...
#6 35.24 Selecting previously unselected package libzvbi0t64:arm64.
#6 35.24 Preparing to unpack .../142-libzvbi0t64_0.2.42-2_arm64.deb ...
#6 35.24 Unpacking libzvbi0t64:arm64 (0.2.42-2) ...
#6 35.27 Selecting previously unselected package libavcodec60:arm64.
#6 35.27 Preparing to unpack .../143-libavcodec60_7%3a6.1.1-3ubuntu5_arm64.deb ...
#6 35.27 Unpacking libavcodec60:arm64 (7:6.1.1-3ubuntu5) ...
#6 35.47 Selecting previously unselected package libraw1394-11:arm64.
#6 35.47 Preparing to unpack .../144-libraw1394-11_2.1.2-2build3_arm64.deb ...
#6 35.48 Unpacking libraw1394-11:arm64 (2.1.2-2build3) ...
#6 35.50 Selecting previously unselected package libavc1394-0:arm64.
#6 35.51 Preparing to unpack .../145-libavc1394-0_0.5.4-5build3_arm64.deb ...
#6 35.51 Unpacking libavc1394-0:arm64 (0.5.4-5build3) ...
#6 35.53 Selecting previously unselected package libunibreak5:arm64.
#6 35.53 Preparing to unpack .../146-libunibreak5_5.1-2build1_arm64.deb ...
#6 35.54 Unpacking libunibreak5:arm64 (5.1-2build1) ...
#6 35.55 Selecting previously unselected package libass9:arm64.
#6 35.56 Preparing to unpack .../147-libass9_1%3a0.17.1-2build1_arm64.deb ...
#6 35.56 Unpacking libass9:arm64 (1:0.17.1-2build1) ...
#6 35.58 Selecting previously unselected package libudfread0:arm64.
#6 35.58 Preparing to unpack .../148-libudfread0_1.1.2-1build1_arm64.deb ...
#6 35.58 Unpacking libudfread0:arm64 (1.1.2-1build1) ...
#6 35.59 Selecting previously unselected package libbluray2:arm64.
#6 35.60 Preparing to unpack .../149-libbluray2_1%3a1.3.4-1build1_arm64.deb ...
#6 35.60 Unpacking libbluray2:arm64 (1:1.3.4-1build1) ...
#6 35.61 Selecting previously unselected package libchromaprint1:arm64.
#6 35.62 Preparing to unpack .../150-libchromaprint1_1.5.1-5_arm64.deb ...
#6 35.62 Unpacking libchromaprint1:arm64 (1.5.1-5) ...
#6 35.63 Selecting previously unselected package libgme0:arm64.
#6 35.63 Preparing to unpack .../151-libgme0_0.6.3-7build1_arm64.deb ...
#6 35.64 Unpacking libgme0:arm64 (0.6.3-7build1) ...
#6 35.65 Selecting previously unselected package libmpg123-0t64:arm64.
#6 35.65 Preparing to unpack .../152-libmpg123-0t64_1.32.5-1ubuntu1.1_arm64.deb ...
#6 35.65 Unpacking libmpg123-0t64:arm64 (1.32.5-1ubuntu1.1) ...
#6 35.67 Selecting previously unselected package libvorbisfile3:arm64.
#6 35.67 Preparing to unpack .../153-libvorbisfile3_1.3.7-1build3_arm64.deb ...
#6 35.67 Unpacking libvorbisfile3:arm64 (1.3.7-1build3) ...
#6 35.69 Selecting previously unselected package libopenmpt0t64:arm64.
#6 35.69 Preparing to unpack .../154-libopenmpt0t64_0.7.3-1.1build3_arm64.deb ...
#6 35.69 Unpacking libopenmpt0t64:arm64 (0.7.3-1.1build3) ...
#6 35.71 Selecting previously unselected package librabbitmq4:arm64.
#6 35.72 Preparing to unpack .../155-librabbitmq4_0.11.0-1ubuntu0.2_arm64.deb ...
#6 35.72 Unpacking librabbitmq4:arm64 (0.11.0-1ubuntu0.2) ...
#6 35.73 Selecting previously unselected package libcjson1:arm64.
#6 35.73 Preparing to unpack .../156-libcjson1_1.7.17-1_arm64.deb ...
#6 35.74 Unpacking libcjson1:arm64 (1.7.17-1) ...
#6 35.75 Selecting previously unselected package libmbedcrypto7t64:arm64.
#6 35.75 Preparing to unpack .../157-libmbedcrypto7t64_2.28.8-1_arm64.deb ...
#6 35.75 Unpacking libmbedcrypto7t64:arm64 (2.28.8-1) ...
#6 35.77 Selecting previously unselected package librist4:arm64.
#6 35.77 Preparing to unpack .../158-librist4_0.2.10+dfsg-2_arm64.deb ...
#6 35.78 Unpacking librist4:arm64 (0.2.10+dfsg-2) ...
#6 35.79 Selecting previously unselected package libsrt1.5-gnutls:arm64.
#6 35.79 Preparing to unpack .../159-libsrt1.5-gnutls_1.5.3-1build2_arm64.deb ...
#6 35.79 Unpacking libsrt1.5-gnutls:arm64 (1.5.3-1build2) ...
#6 35.81 Selecting previously unselected package libssh-gcrypt-4:arm64.
#6 35.81 Preparing to unpack .../160-libssh-gcrypt-4_0.10.6-2ubuntu0.5_arm64.deb ...
#6 35.82 Unpacking libssh-gcrypt-4:arm64 (0.10.6-2ubuntu0.5) ...
#6 35.83 Selecting previously unselected package libnorm1t64:arm64.
#6 35.83 Preparing to unpack .../161-libnorm1t64_1.5.9+dfsg-3.1build1_arm64.deb ...
#6 35.84 Unpacking libnorm1t64:arm64 (1.5.9+dfsg-3.1build1) ...
#6 35.85 Selecting previously unselected package libpgm-5.3-0t64:arm64.
#6 35.85 Preparing to unpack .../162-libpgm-5.3-0t64_5.3.128~dfsg-2.1build1_arm64.deb ...
#6 35.85 Unpacking libpgm-5.3-0t64:arm64 (5.3.128~dfsg-2.1build1) ...
#6 35.87 Selecting previously unselected package libsodium23:arm64.
#6 35.87 Preparing to unpack .../163-libsodium23_1.0.18-1ubuntu0.24.04.1_arm64.deb ...
#6 35.87 Unpacking libsodium23:arm64 (1.0.18-1ubuntu0.24.04.1) ...
#6 35.89 Selecting previously unselected package libzmq5:arm64.
#6 35.89 Preparing to unpack .../164-libzmq5_4.3.5-1build2_arm64.deb ...
#6 35.89 Unpacking libzmq5:arm64 (4.3.5-1build2) ...
#6 35.91 Selecting previously unselected package libavformat60:arm64.
#6 35.91 Preparing to unpack .../165-libavformat60_7%3a6.1.1-3ubuntu5_arm64.deb ...
#6 35.91 Unpacking libavformat60:arm64 (7:6.1.1-3ubuntu5) ...
#6 35.94 Selecting previously unselected package libbs2b0:arm64.
#6 35.94 Preparing to unpack .../166-libbs2b0_3.1.0+dfsg-7build1_arm64.deb ...
#6 35.94 Unpacking libbs2b0:arm64 (3.1.0+dfsg-7build1) ...
#6 35.96 Selecting previously unselected package libflite1:arm64.
#6 35.96 Preparing to unpack .../167-libflite1_2.2-6build3_arm64.deb ...
#6 35.97 Unpacking libflite1:arm64 (2.2-6build3) ...
#6 36.13 Selecting previously unselected package libserd-0-0:arm64.
#6 36.13 Preparing to unpack .../168-libserd-0-0_0.32.2-1_arm64.deb ...
#6 36.13 Unpacking libserd-0-0:arm64 (0.32.2-1) ...
#6 36.15 Selecting previously unselected package libzix-0-0:arm64.
#6 36.15 Preparing to unpack .../169-libzix-0-0_0.4.2-2build1_arm64.deb ...
#6 36.15 Unpacking libzix-0-0:arm64 (0.4.2-2build1) ...
#6 36.16 Selecting previously unselected package libsord-0-0:arm64.
#6 36.17 Preparing to unpack .../170-libsord-0-0_0.16.16-2build1_arm64.deb ...
#6 36.17 Unpacking libsord-0-0:arm64 (0.16.16-2build1) ...
#6 36.18 Selecting previously unselected package libsratom-0-0:arm64.
#6 36.18 Preparing to unpack .../171-libsratom-0-0_0.6.16-1build1_arm64.deb ...
#6 36.18 Unpacking libsratom-0-0:arm64 (0.6.16-1build1) ...
#6 36.20 Selecting previously unselected package liblilv-0-0:arm64.
#6 36.20 Preparing to unpack .../172-liblilv-0-0_0.24.22-1build1_arm64.deb ...
#6 36.20 Unpacking liblilv-0-0:arm64 (0.24.22-1build1) ...
#6 36.21 Selecting previously unselected package libmysofa1:arm64.
#6 36.22 Preparing to unpack .../173-libmysofa1_1.3.2+dfsg-2ubuntu2_arm64.deb ...
#6 36.22 Unpacking libmysofa1:arm64 (1.3.2+dfsg-2ubuntu2) ...
#6 36.24 Selecting previously unselected package libvulkan1:arm64.
#6 36.24 Preparing to unpack .../174-libvulkan1_1.3.275.0-1build1_arm64.deb ...
#6 36.24 Unpacking libvulkan1:arm64 (1.3.275.0-1build1) ...
#6 36.26 Selecting previously unselected package libplacebo338:arm64.
#6 36.26 Preparing to unpack .../175-libplacebo338_6.338.2-2build1_arm64.deb ...
#6 36.26 Unpacking libplacebo338:arm64 (6.338.2-2build1) ...
#6 36.33 Selecting previously unselected package libblas3:arm64.
#6 36.33 Preparing to unpack .../176-libblas3_3.12.0-3build1.1_arm64.deb ...
#6 36.33 Unpacking libblas3:arm64 (3.12.0-3build1.1) ...
#6 36.35 Selecting previously unselected package libgfortran5:arm64.
#6 36.35 Preparing to unpack .../177-libgfortran5_14.2.0-4ubuntu2~24.04.1_arm64.deb ...
#6 36.36 Unpacking libgfortran5:arm64 (14.2.0-4ubuntu2~24.04.1) ...
#6 36.38 Selecting previously unselected package liblapack3:arm64.
#6 36.38 Preparing to unpack .../178-liblapack3_3.12.0-3build1.1_arm64.deb ...
#6 36.38 Unpacking liblapack3:arm64 (3.12.0-3build1.1) ...
#6 36.43 Selecting previously unselected package libasyncns0:arm64.
#6 36.43 Preparing to unpack .../179-libasyncns0_0.8-6build4_arm64.deb ...
#6 36.44 Unpacking libasyncns0:arm64 (0.8-6build4) ...
#6 36.45 Selecting previously unselected package libflac12t64:arm64.
#6 36.45 Preparing to unpack .../180-libflac12t64_1.4.3+ds-2.1ubuntu2_arm64.deb ...
#6 36.45 Unpacking libflac12t64:arm64 (1.4.3+ds-2.1ubuntu2) ...
#6 36.47 Selecting previously unselected package libsndfile1:arm64.
#6 36.47 Preparing to unpack .../181-libsndfile1_1.2.2-1ubuntu5.24.04.1_arm64.deb ...
#6 36.47 Unpacking libsndfile1:arm64 (1.2.2-1ubuntu5.24.04.1) ...
#6 36.49 Selecting previously unselected package libpulse0:arm64.
#6 36.49 Preparing to unpack .../182-libpulse0_1%3a16.1+dfsg1-2ubuntu10.1_arm64.deb ...
#6 36.50 Unpacking libpulse0:arm64 (1:16.1+dfsg1-2ubuntu10.1) ...
#6 36.52 Selecting previously unselected package libsphinxbase3t64:arm64.
#6 36.52 Preparing to unpack .../183-libsphinxbase3t64_0.8+5prealpha+1-17build2_arm64.deb ...
#6 36.52 Unpacking libsphinxbase3t64:arm64 (0.8+5prealpha+1-17build2) ...
#6 36.54 Selecting previously unselected package libpocketsphinx3:arm64.
#6 36.54 Preparing to unpack .../184-libpocketsphinx3_0.8.0+real5prealpha+1-15ubuntu5_arm64.deb ...
#6 36.54 Unpacking libpocketsphinx3:arm64 (0.8.0+real5prealpha+1-15ubuntu5) ...
#6 36.55 Selecting previously unselected package libpostproc57:arm64.
#6 36.56 Preparing to unpack .../185-libpostproc57_7%3a6.1.1-3ubuntu5_arm64.deb ...
#6 36.56 Unpacking libpostproc57:arm64 (7:6.1.1-3ubuntu5) ...
#6 36.57 Selecting previously unselected package libfftw3-double3:arm64.
#6 36.57 Preparing to unpack .../186-libfftw3-double3_3.3.10-1ubuntu3_arm64.deb ...
#6 36.58 Unpacking libfftw3-double3:arm64 (3.3.10-1ubuntu3) ...
#6 36.59 Selecting previously unselected package libsamplerate0:arm64.
#6 36.60 Preparing to unpack .../187-libsamplerate0_0.2.2-4build1_arm64.deb ...
#6 36.60 Unpacking libsamplerate0:arm64 (0.2.2-4build1) ...
#6 36.62 Selecting previously unselected package librubberband2:arm64.
#6 36.62 Preparing to unpack .../188-librubberband2_3.3.0+dfsg-2build1_arm64.deb ...
#6 36.62 Unpacking librubberband2:arm64 (3.3.0+dfsg-2build1) ...
#6 36.64 Selecting previously unselected package libswscale7:arm64.
#6 36.64 Preparing to unpack .../189-libswscale7_7%3a6.1.1-3ubuntu5_arm64.deb ...
#6 36.64 Unpacking libswscale7:arm64 (7:6.1.1-3ubuntu5) ...
#6 36.66 Selecting previously unselected package libvidstab1.1:arm64.
#6 36.66 Preparing to unpack .../190-libvidstab1.1_1.1.0-2build1_arm64.deb ...
#6 36.66 Unpacking libvidstab1.1:arm64 (1.1.0-2build1) ...
#6 36.68 Selecting previously unselected package libzimg2:arm64.
#6 36.68 Preparing to unpack .../191-libzimg2_3.0.5+ds1-1build1_arm64.deb ...
#6 36.68 Unpacking libzimg2:arm64 (3.0.5+ds1-1build1) ...
#6 36.70 Selecting previously unselected package libavfilter9:arm64.
#6 36.70 Preparing to unpack .../192-libavfilter9_7%3a6.1.1-3ubuntu5_arm64.deb ...
#6 36.70 Unpacking libavfilter9:arm64 (7:6.1.1-3ubuntu5) ...
#6 36.78 Selecting previously unselected package libcaca0:arm64.
#6 36.78 Preparing to unpack .../193-libcaca0_0.99.beta20-4ubuntu0.2_arm64.deb ...
#6 36.78 Unpacking libcaca0:arm64 (0.99.beta20-4ubuntu0.2) ...
#6 36.80 Selecting previously unselected package libcdio19t64:arm64.
#6 36.80 Preparing to unpack .../194-libcdio19t64_2.1.0-4.1ubuntu1.2_arm64.deb ...
#6 36.80 Unpacking libcdio19t64:arm64 (2.1.0-4.1ubuntu1.2) ...
#6 36.82 Selecting previously unselected package libcdio-cdda2t64:arm64.
#6 36.82 Preparing to unpack .../195-libcdio-cdda2t64_10.2+2.0.1-1.1build2_arm64.deb ...
#6 36.82 Unpacking libcdio-cdda2t64:arm64 (10.2+2.0.1-1.1build2) ...
#6 36.83 Selecting previously unselected package libcdio-paranoia2t64:arm64.
#6 36.84 Preparing to unpack .../196-libcdio-paranoia2t64_10.2+2.0.1-1.1build2_arm64.deb ...
#6 36.84 Unpacking libcdio-paranoia2t64:arm64 (10.2+2.0.1-1.1build2) ...
#6 36.85 Selecting previously unselected package libdc1394-25:arm64.
#6 36.85 Preparing to unpack .../197-libdc1394-25_2.2.6-4build1_arm64.deb ...
#6 36.86 Unpacking libdc1394-25:arm64 (2.2.6-4build1) ...
#6 36.87 Selecting previously unselected package libglvnd0:arm64.
#6 36.87 Preparing to unpack .../198-libglvnd0_1.7.0-1build1_arm64.deb ...
#6 36.87 Unpacking libglvnd0:arm64 (1.7.0-1build1) ...
#6 36.89 Selecting previously unselected package libxcb-glx0:arm64.
#6 36.90 Preparing to unpack .../199-libxcb-glx0_1.15-1ubuntu2_arm64.deb ...
#6 36.90 Unpacking libxcb-glx0:arm64 (1.15-1ubuntu2) ...
#6 36.91 Selecting previously unselected package libxcb-present0:arm64.
#6 36.91 Preparing to unpack .../200-libxcb-present0_1.15-1ubuntu2_arm64.deb ...
#6 36.91 Unpacking libxcb-present0:arm64 (1.15-1ubuntu2) ...
#6 36.93 Selecting previously unselected package libxcb-xfixes0:arm64.
#6 36.93 Preparing to unpack .../201-libxcb-xfixes0_1.15-1ubuntu2_arm64.deb ...
#6 36.93 Unpacking libxcb-xfixes0:arm64 (1.15-1ubuntu2) ...
#6 36.94 Selecting previously unselected package libxxf86vm1:arm64.
#6 36.95 Preparing to unpack .../202-libxxf86vm1_1%3a1.1.4-1build4_arm64.deb ...
#6 36.95 Unpacking libxxf86vm1:arm64 (1:1.1.4-1build4) ...
#6 36.96 Selecting previously unselected package libdrm-amdgpu1:arm64.
#6 36.96 Preparing to unpack .../203-libdrm-amdgpu1_2.4.125-1ubuntu0.1~24.04.2_arm64.deb ...
#6 36.96 Unpacking libdrm-amdgpu1:arm64 (2.4.125-1ubuntu0.1~24.04.2) ...
#6 36.98 Selecting previously unselected package libllvm20:arm64.
#6 36.98 Preparing to unpack .../204-libllvm20_1%3a20.1.2-0ubuntu1~24.04.3_arm64.deb ...
#6 36.98 Unpacking libllvm20:arm64 (1:20.1.2-0ubuntu1~24.04.3) ...
#6 37.65 Selecting previously unselected package libxcb-randr0:arm64.
#6 37.66 Preparing to unpack .../205-libxcb-randr0_1.15-1ubuntu2_arm64.deb ...
#6 37.66 Unpacking libxcb-randr0:arm64 (1.15-1ubuntu2) ...
#6 37.67 Selecting previously unselected package libxcb-sync1:arm64.
#6 37.67 Preparing to unpack .../206-libxcb-sync1_1.15-1ubuntu2_arm64.deb ...
#6 37.67 Unpacking libxcb-sync1:arm64 (1.15-1ubuntu2) ...
#6 37.69 Selecting previously unselected package libxshmfence1:arm64.
#6 37.69 Preparing to unpack .../207-libxshmfence1_1.3-1build5_arm64.deb ...
#6 37.69 Unpacking libxshmfence1:arm64 (1.3-1build5) ...
#6 37.71 Selecting previously unselected package mesa-libgallium:arm64.
#6 37.71 Preparing to unpack .../208-mesa-libgallium_25.2.8-0ubuntu0.24.04.4_arm64.deb ...
#6 37.71 Unpacking mesa-libgallium:arm64 (25.2.8-0ubuntu0.24.04.4) ...
#6 37.95 Selecting previously unselected package libgbm1:arm64.
#6 37.95 Preparing to unpack .../209-libgbm1_25.2.8-0ubuntu0.24.04.4_arm64.deb ...
#6 37.95 Unpacking libgbm1:arm64 (25.2.8-0ubuntu0.24.04.4) ...
#6 37.97 Selecting previously unselected package libgl1-mesa-dri:arm64.
#6 37.97 Preparing to unpack .../210-libgl1-mesa-dri_25.2.8-0ubuntu0.24.04.4_arm64.deb ...
#6 37.97 Unpacking libgl1-mesa-dri:arm64 (25.2.8-0ubuntu0.24.04.4) ...
#6 37.99 Selecting previously unselected package libglx-mesa0:arm64.
#6 38.00 Preparing to unpack .../211-libglx-mesa0_25.2.8-0ubuntu0.24.04.4_arm64.deb ...
#6 38.00 Unpacking libglx-mesa0:arm64 (25.2.8-0ubuntu0.24.04.4) ...
#6 38.01 Selecting previously unselected package libglx0:arm64.
#6 38.02 Preparing to unpack .../212-libglx0_1.7.0-1build1_arm64.deb ...
#6 38.02 Unpacking libglx0:arm64 (1.7.0-1build1) ...
#6 38.03 Selecting previously unselected package libgl1:arm64.
#6 38.04 Preparing to unpack .../213-libgl1_1.7.0-1build1_arm64.deb ...
#6 38.04 Unpacking libgl1:arm64 (1.7.0-1build1) ...
#6 38.06 Selecting previously unselected package libiec61883-0:arm64.
#6 38.06 Preparing to unpack .../214-libiec61883-0_1.2.0-6build1_arm64.deb ...
#6 38.06 Unpacking libiec61883-0:arm64 (1.2.0-6build1) ...
#6 38.07 Selecting previously unselected package libjack-jackd2-0:arm64.
#6 38.08 Preparing to unpack .../215-libjack-jackd2-0_1.9.21~dfsg-3ubuntu3_arm64.deb ...
#6 38.08 Unpacking libjack-jackd2-0:arm64 (1.9.21~dfsg-3ubuntu3) ...
#6 38.10 Selecting previously unselected package libopenal-data.
#6 38.10 Preparing to unpack .../216-libopenal-data_1%3a1.23.1-4build1_all.deb ...
#6 38.10 Unpacking libopenal-data (1:1.23.1-4build1) ...
#6 38.12 Selecting previously unselected package libsndio7.0:arm64.
#6 38.12 Preparing to unpack .../217-libsndio7.0_1.9.0-0.3build3_arm64.deb ...
#6 38.12 Unpacking libsndio7.0:arm64 (1.9.0-0.3build3) ...
#6 38.14 Selecting previously unselected package libopenal1:arm64.
#6 38.14 Preparing to unpack .../218-libopenal1_1%3a1.23.1-4build1_arm64.deb ...
#6 38.14 Unpacking libopenal1:arm64 (1:1.23.1-4build1) ...
#6 38.16 Selecting previously unselected package libwayland-client0:arm64.
#6 38.17 Preparing to unpack .../219-libwayland-client0_1.22.0-2.1build1_arm64.deb ...
#6 38.17 Unpacking libwayland-client0:arm64 (1.22.0-2.1build1) ...
#6 38.18 Selecting previously unselected package libdecor-0-0:arm64.
#6 38.18 Preparing to unpack .../220-libdecor-0-0_0.2.2-1build2_arm64.deb ...
#6 38.18 Unpacking libdecor-0-0:arm64 (0.2.2-1build2) ...
#6 38.20 Selecting previously unselected package libwayland-cursor0:arm64.
#6 38.20 Preparing to unpack .../221-libwayland-cursor0_1.22.0-2.1build1_arm64.deb ...
#6 38.20 Unpacking libwayland-cursor0:arm64 (1.22.0-2.1build1) ...
#6 38.21 Selecting previously unselected package libwayland-egl1:arm64.
#6 38.22 Preparing to unpack .../222-libwayland-egl1_1.22.0-2.1build1_arm64.deb ...
#6 38.22 Unpacking libwayland-egl1:arm64 (1.22.0-2.1build1) ...
#6 38.23 Selecting previously unselected package libxcursor1:arm64.
#6 38.23 Preparing to unpack .../223-libxcursor1_1%3a1.2.1-1build1_arm64.deb ...
#6 38.23 Unpacking libxcursor1:arm64 (1:1.2.1-1build1) ...
#6 38.25 Selecting previously unselected package libxrandr2:arm64.
#6 38.25 Preparing to unpack .../224-libxrandr2_2%3a1.5.2-2build1_arm64.deb ...
#6 38.25 Unpacking libxrandr2:arm64 (2:1.5.2-2build1) ...
#6 38.26 Selecting previously unselected package libxss1:arm64.
#6 38.27 Preparing to unpack .../225-libxss1_1%3a1.2.3-1build3_arm64.deb ...
#6 38.27 Unpacking libxss1:arm64 (1:1.2.3-1build3) ...
#6 38.28 Selecting previously unselected package libsdl2-2.0-0:arm64.
#6 38.28 Preparing to unpack .../226-libsdl2-2.0-0_2.30.0+dfsg-1ubuntu3.1_arm64.deb ...
#6 38.29 Unpacking libsdl2-2.0-0:arm64 (2.30.0+dfsg-1ubuntu3.1) ...
#6 38.31 Selecting previously unselected package libxcb-shape0:arm64.
#6 38.31 Preparing to unpack .../227-libxcb-shape0_1.15-1ubuntu2_arm64.deb ...
#6 38.31 Unpacking libxcb-shape0:arm64 (1.15-1ubuntu2) ...
#6 38.33 Selecting previously unselected package libxv1:arm64.
#6 38.33 Preparing to unpack .../228-libxv1_2%3a1.0.11-1.1build1_arm64.deb ...
#6 38.33 Unpacking libxv1:arm64 (2:1.0.11-1.1build1) ...
#6 38.35 Selecting previously unselected package libavdevice60:arm64.
#6 38.35 Preparing to unpack .../229-libavdevice60_7%3a6.1.1-3ubuntu5_arm64.deb ...
#6 38.35 Unpacking libavdevice60:arm64 (7:6.1.1-3ubuntu5) ...
#6 38.36 Selecting previously unselected package ffmpeg.
#6 38.36 Preparing to unpack .../230-ffmpeg_7%3a6.1.1-3ubuntu5_arm64.deb ...
#6 38.37 Unpacking ffmpeg (7:6.1.1-3ubuntu5) ...
#6 38.39 Selecting previously unselected package libaacs0:arm64.
#6 38.39 Preparing to unpack .../231-libaacs0_0.11.1-2build1_arm64.deb ...
#6 38.39 Unpacking libaacs0:arm64 (0.11.1-2build1) ...
#6 38.41 Selecting previously unselected package libatk1.0-0t64:arm64.
#6 38.41 Preparing to unpack .../232-libatk1.0-0t64_2.52.0-1build1_arm64.deb ...
#6 38.41 Unpacking libatk1.0-0t64:arm64 (2.52.0-1build1) ...
#6 38.43 Selecting previously unselected package libatk-bridge2.0-0t64:arm64.
#6 38.43 Preparing to unpack .../233-libatk-bridge2.0-0t64_2.52.0-1build1_arm64.deb ...
#6 38.43 Unpacking libatk-bridge2.0-0t64:arm64 (2.52.0-1build1) ...
#6 38.45 Selecting previously unselected package libavahi-common-data:arm64.
#6 38.45 Preparing to unpack .../234-libavahi-common-data_0.8-13ubuntu6.2_arm64.deb ...
#6 38.45 Unpacking libavahi-common-data:arm64 (0.8-13ubuntu6.2) ...
#6 38.47 Selecting previously unselected package libavahi-common3:arm64.
#6 38.47 Preparing to unpack .../235-libavahi-common3_0.8-13ubuntu6.2_arm64.deb ...
#6 38.47 Unpacking libavahi-common3:arm64 (0.8-13ubuntu6.2) ...
#6 38.49 Selecting previously unselected package libavahi-client3:arm64.
#6 38.50 Preparing to unpack .../236-libavahi-client3_0.8-13ubuntu6.2_arm64.deb ...
#6 38.50 Unpacking libavahi-client3:arm64 (0.8-13ubuntu6.2) ...
#6 38.53 Selecting previously unselected package libbdplus0:arm64.
#6 38.53 Preparing to unpack .../237-libbdplus0_0.2.0-3build1_arm64.deb ...
#6 38.72 Unpacking libbdplus0:arm64 (0.2.0-3build1) ...
#6 38.75 Selecting previously unselected package libcolord2:arm64.
#6 38.75 Preparing to unpack .../238-libcolord2_1.4.7-1build2_arm64.deb ...
#6 38.75 Unpacking libcolord2:arm64 (1.4.7-1build2) ...
#6 38.78 Selecting previously unselected package libcups2t64:arm64.
#6 38.78 Preparing to unpack .../239-libcups2t64_2.4.7-1.2ubuntu7.14_arm64.deb ...
#6 38.78 Unpacking libcups2t64:arm64 (2.4.7-1.2ubuntu7.14) ...
#6 38.80 Selecting previously unselected package libepoxy0:arm64.
#6 38.81 Preparing to unpack .../240-libepoxy0_1.5.10-1build1_arm64.deb ...
#6 38.81 Unpacking libepoxy0:arm64 (1.5.10-1build1) ...
#6 38.83 Selecting previously unselected package libxcomposite1:arm64.
#6 38.83 Preparing to unpack .../241-libxcomposite1_1%3a0.4.5-1build3_arm64.deb ...
#6 38.83 Unpacking libxcomposite1:arm64 (1:0.4.5-1build3) ...
#6 38.85 Selecting previously unselected package libxdamage1:arm64.
#6 38.85 Preparing to unpack .../242-libxdamage1_1%3a1.1.6-1build1_arm64.deb ...
#6 38.85 Unpacking libxdamage1:arm64 (1:1.1.6-1build1) ...
#6 38.86 Selecting previously unselected package libxinerama1:arm64.
#6 38.87 Preparing to unpack .../243-libxinerama1_2%3a1.1.4-3build1_arm64.deb ...
#6 38.87 Unpacking libxinerama1:arm64 (2:1.1.4-3build1) ...
#6 38.88 Selecting previously unselected package libgtk-3-common.
#6 38.88 Preparing to unpack .../244-libgtk-3-common_3.24.41-4ubuntu1.3_all.deb ...
#6 38.89 Unpacking libgtk-3-common (3.24.41-4ubuntu1.3) ...
#6 38.93 Selecting previously unselected package libgtk-3-0t64:arm64.
#6 38.93 Preparing to unpack .../245-libgtk-3-0t64_3.24.41-4ubuntu1.3_arm64.deb ...
#6 38.94 Unpacking libgtk-3-0t64:arm64 (3.24.41-4ubuntu1.3) ...
#6 39.01 Selecting previously unselected package libdecor-0-plugin-1-gtk:arm64.
#6 39.01 Preparing to unpack .../246-libdecor-0-plugin-1-gtk_0.2.2-1build2_arm64.deb ...
#6 39.01 Unpacking libdecor-0-plugin-1-gtk:arm64 (0.2.2-1build2) ...
#6 39.03 Selecting previously unselected package libgdk-pixbuf2.0-bin.
#6 39.03 Preparing to unpack .../247-libgdk-pixbuf2.0-bin_2.42.10+dfsg-3ubuntu3.3_arm64.deb ...
#6 39.03 Unpacking libgdk-pixbuf2.0-bin (2.42.10+dfsg-3ubuntu3.3) ...
#6 39.04 Selecting previously unselected package libgtk-3-bin.
#6 39.05 Preparing to unpack .../248-libgtk-3-bin_3.24.41-4ubuntu1.3_arm64.deb ...
#6 39.05 Unpacking libgtk-3-bin (3.24.41-4ubuntu1.3) ...
#6 39.07 Selecting previously unselected package librsvg2-common:arm64.
#6 39.07 Preparing to unpack .../249-librsvg2-common_2.58.0+dfsg-1build1_arm64.deb ...
#6 39.08 Unpacking librsvg2-common:arm64 (2.58.0+dfsg-1build1) ...
#6 39.09 Selecting previously unselected package mesa-va-drivers:arm64.
#6 39.09 Preparing to unpack .../250-mesa-va-drivers_25.2.8-0ubuntu0.24.04.4_arm64.deb ...
#6 39.09 Unpacking mesa-va-drivers:arm64 (25.2.8-0ubuntu0.24.04.4) ...
#6 39.11 Selecting previously unselected package mesa-vdpau-drivers:arm64.
#6 39.11 Preparing to unpack .../251-mesa-vdpau-drivers_25.2.8-0ubuntu0.24.04.4_arm64.deb ...
#6 39.12 Unpacking mesa-vdpau-drivers:arm64 (25.2.8-0ubuntu0.24.04.4) ...
#6 39.13 Selecting previously unselected package mesa-vulkan-drivers:arm64.
#6 39.13 Preparing to unpack .../252-mesa-vulkan-drivers_25.2.8-0ubuntu0.24.04.4_arm64.deb ...
#6 39.13 Unpacking mesa-vulkan-drivers:arm64 (25.2.8-0ubuntu0.24.04.4) ...
#6 39.64 Selecting previously unselected package va-driver-all:arm64.
#6 39.64 Preparing to unpack .../253-va-driver-all_2.20.0-2ubuntu0.2_arm64.deb ...
#6 39.64 Unpacking va-driver-all:arm64 (2.20.0-2ubuntu0.2) ...
#6 39.66 Selecting previously unselected package vdpau-driver-all:arm64.
#6 39.66 Preparing to unpack .../254-vdpau-driver-all_1.5-2build1_arm64.deb ...
#6 39.66 Unpacking vdpau-driver-all:arm64 (1.5-2build1) ...
#6 39.67 Selecting previously unselected package pocketsphinx-en-us.
#6 39.67 Preparing to unpack .../255-pocketsphinx-en-us_0.8.0+real5prealpha+1-15ubuntu5_all.deb ...
#6 39.68 Unpacking pocketsphinx-en-us (0.8.0+real5prealpha+1-15ubuntu5) ...
#6 39.94 Setting up libgme0:arm64 (0.6.3-7build1) ...
#6 39.95 Setting up libchromaprint1:arm64 (1.5.1-5) ...
#6 39.95 Setting up libhwy1t64:arm64 (1.0.7-8.1build1) ...
#6 39.96 Setting up media-types (10.1.0) ...
#6 39.96 Setting up libgraphite2-3:arm64 (1.3.14-2ubuntu0.24.04.1) ...
#6 39.97 Setting up liblcms2-2:arm64 (2.14-2ubuntu0.1) ...
#6 39.97 Setting up libpixman-1-0:arm64 (0.42.2-1build1) ...
#6 39.97 Setting up libudfread0:arm64 (1.1.2-1build1) ...
#6 39.98 Setting up libnorm1t64:arm64 (1.5.9+dfsg-3.1build1) ...
#6 39.98 Setting up libsharpyuv0:arm64 (1.3.2-0.4build3) ...
#6 39.99 Setting up libaom3:arm64 (3.8.2-2ubuntu0.2) ...
#6 39.99 Setting up librabbitmq4:arm64 (0.11.0-1ubuntu0.2) ...
#6 39.99 Setting up systemd-sysv (255.4-1ubuntu8.17) ...
#6 40.01 Setting up libxau6:arm64 (1:1.0.9-1build6) ...
#6 40.01 Setting up libraw1394-11:arm64 (2.1.2-2build3) ...
#6 40.02 Setting up libkeyutils1:arm64 (1.6.3-3build1) ...
#6 40.02 Setting up libsodium23:arm64 (1.0.18-1ubuntu0.24.04.1) ...
#6 40.02 Setting up libogg0:arm64 (1.3.5-3build1) ...
#6 40.03 Setting up liblerc4:arm64 (4.0.0+ds-4ubuntu2) ...
#6 40.03 Setting up libspeex1:arm64 (1.2.1-2ubuntu2.24.04.1) ...
#6 40.04 Setting up libshine3:arm64 (3.1.1-2build1) ...
#6 40.04 Setting up hicolor-icon-theme (0.17-2) ...
#6 40.06 Setting up libx264-164:arm64 (2:0.164.3108+git31e19f9-1) ...
#6 40.06 Setting up libtwolame0:arm64 (0.4.0-2build3) ...
#6 40.07 Setting up libmbedcrypto7t64:arm64 (2.28.8-1) ...
#6 40.07 Setting up libdatrie1:arm64 (0.2.13-3build1) ...
#6 40.08 Setting up xdg-user-dirs (0.18-1build1) ...
#6 40.09 Setting up libgsm1:arm64 (1.0.22-1build1) ...
#6 40.09 Setting up libzix-0-0:arm64 (0.4.2-2build1) ...
#6 40.10 Setting up libglvnd0:arm64 (1.7.0-1build1) ...
#6 40.11 Setting up libcodec2-1.2:arm64 (1.2.0-2build1) ...
#6 40.12 Setting up libbrotli1:arm64 (1.1.0-2build2) ...
#6 40.12 Setting up libsqlite3-0:arm64 (3.45.1-1ubuntu2.8) ...
#6 40.13 Setting up libgdk-pixbuf2.0-common (2.42.10+dfsg-3ubuntu3.3) ...
#6 40.13 Setting up libmysofa1:arm64 (1.3.2+dfsg-2ubuntu2) ...
#6 40.14 Setting up x11-common (1:7.7+23ubuntu3) ...
#6 40.22 debconf: unable to initialize frontend: Dialog
#6 40.22 debconf: (TERM is not set, so the dialog frontend is not usable.)
#6 40.22 debconf: falling back to frontend: Readline
#6 40.22 debconf: unable to initialize frontend: Readline
#6 40.22 debconf: (Can't locate Term/ReadLine.pm in @INC (you may need to install the Term::ReadLine module) (@INC entries checked: /etc/perl /usr/local/lib/aarch64-linux-gnu/perl/5.38.2 /usr/local/share/perl/5.38.2 /usr/lib/aarch64-linux-gnu/perl5/5.38 /usr/share/perl5 /usr/lib/aarch64-linux-gnu/perl-base /usr/lib/aarch64-linux-gnu/perl/5.38 /usr/share/perl/5.38 /usr/local/lib/site_perl) at /usr/share/perl5/Debconf/FrontEnd/Readline.pm line 8.)
#6 40.22 debconf: falling back to frontend: Teletype
#6 40.23 invoke-rc.d: could not determine current runlevel
#6 40.23 invoke-rc.d: policy-rc.d denied execution of start.
#6 40.24 Setting up libsensors-config (1:3.6.0-9build1) ...
#6 40.25 Setting up libcdio19t64:arm64 (2.1.0-4.1ubuntu1.2) ...
#6 40.25 Setting up libdeflate0:arm64 (1.19-1build1.1) ...
#6 40.25 Setting up libnss-systemd:arm64 (255.4-1ubuntu8.17) ...
#6 40.26 Setting up xkb-data (2.41-2ubuntu1.1) ...
#6 40.27 Setting up krb5-locales (1.20.1-6ubuntu2.10) ...
#6 40.27 Setting up libsvtav1enc1d1:arm64 (1.7.0+dfsg-2build1) ...
#6 40.27 Setting up libmpg123-0t64:arm64 (1.32.5-1ubuntu1.1) ...
#6 40.28 Setting up libgomp1:arm64 (14.2.0-4ubuntu2~24.04.1) ...
#6 40.28 Setting up libcjson1:arm64 (1.7.17-1) ...
#6 40.28 Setting up libxvidcore4:arm64 (2:1.3.7-1build1) ...
#6 40.29 Setting up libjbig0:arm64 (2.1-6.1ubuntu2) ...
#6 40.29 Setting up librav1e0:arm64 (0.7.1-2) ...
#6 40.30 Setting up libelf1t64:arm64 (0.190-1.1ubuntu0.1) ...
#6 40.30 Setting up libsnappy1v5:arm64 (1.1.10-1build1) ...
#6 40.30 Setting up libcdio-cdda2t64:arm64 (10.2+2.0.1-1.1build2) ...
#6 40.31 Setting up libkrb5support0:arm64 (1.20.1-6ubuntu2.10) ...
#6 40.31 Setting up librist4:arm64 (0.2.10+dfsg-2) ...
#6 40.32 Setting up tzdata (2026c-0ubuntu0.24.04.1) ...
#6 40.36 debconf: unable to initialize frontend: Dialog
#6 40.36 debconf: (TERM is not set, so the dialog frontend is not usable.)
#6 40.36 debconf: falling back to frontend: Readline
#6 40.36 debconf: unable to initialize frontend: Readline
#6 40.36 debconf: (Can't locate Term/ReadLine.pm in @INC (you may need to install the Term::ReadLine module) (@INC entries checked: /etc/perl /usr/local/lib/aarch64-linux-gnu/perl/5.38.2 /usr/local/share/perl/5.38.2 /usr/lib/aarch64-linux-gnu/perl5/5.38 /usr/share/perl5 /usr/lib/aarch64-linux-gnu/perl-base /usr/lib/aarch64-linux-gnu/perl/5.38 /usr/share/perl/5.38 /usr/local/lib/site_perl) at /usr/share/perl5/Debconf/FrontEnd/Readline.pm line 8.)
#6 40.36 debconf: falling back to frontend: Teletype
#6 40.39 Configuring tzdata
#6 40.39 ------------------
#6 40.39 
#6 40.39 Please select the geographic area in which you live. Subsequent configuration
#6 40.39 questions will narrow this down by presenting a list of cities, representing
#6 40.39 the time zones in which they are located.
#6 40.39 
#6 40.39   1. Africa      4. Arctic    7. Australia  10. Pacific
#6 40.39   2. America     5. Asia      8. Europe     11. Etc
#6 40.39   3. Antarctica  6. Atlantic  9. Indian     12. Legacy
#6 40.39 Geographic area: 
#6 40.39 Use of uninitialized value $_[1] in join or string at /usr/share/perl5/Debconf/DbDriver/Stack.pm line 112.
#6 40.39 
#6 40.39 Current default time zone: '/UTC'
#6 40.40 Local time is now:      Mon Oct  5 21:27:40 UTC 2026.
#6 40.40 Universal Time is now:  Mon Oct  5 21:27:40 UTC 2026.
#6 40.40 Run 'dpkg-reconfigure tzdata' if you wish to change it.
#6 40.40 
#6 40.40 Use of uninitialized value $val in substitution (s///) at /usr/share/perl5/Debconf/Format/822.pm line 84, <GEN6> line 4.
#6 40.40 Use of uninitialized value $val in concatenation (.) or string at /usr/share/perl5/Debconf/Format/822.pm line 85, <GEN6> line 4.
#6 40.41 Setting up libasound2-data (1.2.11-1ubuntu0.3) ...
#6 40.41 Setting up libpgm-5.3-0t64:arm64 (5.3.128~dfsg-2.1build1) ...
#6 40.41 Setting up libglib2.0-0t64:arm64 (2.80.0-6ubuntu3.9) ...
#6 40.43 Setting up libblas3:arm64 (3.12.0-3build1.1) ...
#6 40.43 update-alternatives: using /usr/lib/aarch64-linux-gnu/blas/libblas.so.3 to provide /usr/lib/aarch64-linux-gnu/libblas.so.3 (libblas.so.3-aarch64-linux-gnu) in auto mode
#6 40.43 Setting up libglib2.0-data (2.80.0-6ubuntu3.9) ...
#6 40.44 Setting up libasound2t64:arm64 (1.2.11-1ubuntu0.3) ...
#6 40.44 Setting up libslang2:arm64 (2.3.3-3build2) ...
#6 40.45 Setting up libva2:arm64 (2.20.0-2ubuntu0.2) ...
#6 40.45 Setting up libx11-data (2:1.8.7-1build1) ...
#6 40.45 Setting up libepoxy0:arm64 (1.5.10-1build1) ...
#6 40.46 Setting up libavahi-common-data:arm64 (0.8-13ubuntu6.2) ...
#6 40.46 Setting up libdbus-1-3:arm64 (1.14.10-4ubuntu4.1) ...
#6 40.46 Setting up libfribidi0:arm64 (1.0.13-3build1) ...
#6 40.47 Setting up libopus0:arm64 (1.4-1build1) ...
#6 40.47 Setting up libcdio-paranoia2t64:arm64 (10.2+2.0.1-1.1build2) ...
#6 40.48 Setting up fonts-dejavu-mono (2.37-8) ...
#6 40.49 Setting up libpng16-16t64:arm64 (1.6.43-5ubuntu0.6) ...
#6 40.49 Setting up systemd-timesyncd (255.4-1ubuntu8.17) ...
#6 40.50 Creating group 'systemd-timesync' with GID 997.

#6 40.50 Creating user 'systemd-timesync' (systemd Time Synchronization) with UID 997 and GID 997.

#6 40.58 Created symlink /etc/systemd/system/dbus-org.freedesktop.timesync1.service → /usr/lib/systemd/system/systemd-timesyncd.service.

#6 40.58 Created symlink /etc/systemd/system/sysinit.target.wants/systemd-timesyncd.service → /usr/lib/systemd/system/systemd-timesyncd.service.

#6 40.58 Setting up libvorbis0a:arm64 (1.3.7-1build3) ...
#6 40.59 Setting up libunibreak5:arm64 (5.1-2build1) ...
#6 40.60 Setting up fonts-dejavu-core (2.37-8) ...
#6 40.62 Setting up gir1.2-glib-2.0:arm64 (2.80.0-6ubuntu3.9) ...
#6 40.62 Setting up libsensors5:arm64 (1:3.6.0-9build1) ...
#6 40.63 Setting up libaacs0:arm64 (0.11.1-2build1) ...
#6 40.63 Setting up libjxl0.7:arm64 (0.7.0-10.2ubuntu6.1) ...
#6 40.64 Setting up libk5crypto3:arm64 (1.20.1-6ubuntu2.10) ...
#6 40.64 Setting up libjpeg-turbo8:arm64 (2.1.5-2ubuntu2) ...
#6 40.65 Setting up pocketsphinx-en-us (0.8.0+real5prealpha+1-15ubuntu5) ...
#6 40.65 Setting up libfftw3-double3:arm64 (3.3.10-1ubuntu3) ...
#6 40.65 Setting up libgfortran5:arm64 (14.2.0-4ubuntu2~24.04.1) ...
#6 40.66 Setting up libvulkan1:arm64 (1.3.275.0-1build1) ...
#6 40.66 Setting up libwebp7:arm64 (1.3.2-0.4build3) ...
#6 40.67 Setting up libicu74:arm64 (74.2-1ubuntu3.1) ...
#6 40.67 Setting up libbdplus0:arm64 (0.2.0-3build1) ...
#6 40.68 Setting up libnuma1:arm64 (2.0.18-1ubuntu0.24.04.1) ...
#6 40.68 Setting up libvidstab1.1:arm64 (1.1.0-2build1) ...
#6 40.68 Setting up libvpx9:arm64 (1.14.0-1ubuntu2.3) ...
#6 40.69 Setting up libsrt1.5-gnutls:arm64 (1.5.3-1build2) ...
#6 40.69 Setting up alsa-topology-conf (1.2.5.1-2) ...
#6 40.70 Setting up libflite1:arm64 (2.2-6build3) ...
#6 40.70 Setting up libdav1d7:arm64 (1.4.1-1build1) ...
#6 40.70 Setting up dmsetup (2:1.02.185-3ubuntu3.2) ...
#6 40.71 Setting up ocl-icd-libopencl1:arm64 (2.3.2-1build1) ...
#6 40.72 Setting up libasyncns0:arm64 (0.8-6build4) ...
#6 40.72 Setting up libxshmfence1:arm64 (1.3-1build5) ...
#6 40.72 Setting up at-spi2-common (2.52.0-1build1) ...
#6 40.73 Setting up libbs2b0:arm64 (3.1.0+dfsg-7build1) ...
#6 40.73 Setting up dbus-session-bus-common (1.14.10-4ubuntu4.1) ...
#6 40.74 Setting up libzimg2:arm64 (3.0.5+ds1-1build1) ...
#6 40.74 Setting up libopenjp2-7:arm64 (2.5.0-2ubuntu0.5) ...
#6 40.75 Setting up libopenal-data (1:1.23.1-4build1) ...
#6 40.75 Setting up libthai-data (0.1.29-2build1) ...
#6 40.75 Setting up libgirepository-1.0-1:arm64 (1.80.1-1) ...
#6 40.76 Setting up netbase (6.4) ...
#6 40.77 Setting up libkrb5-3:arm64 (1.20.1-6ubuntu2.10) ...
#6 40.77 Setting up libflac12t64:arm64 (1.4.3+ds-2.1ubuntu2) ...
#6 40.78 Setting up libwayland-egl1:arm64 (1.22.0-2.1build1) ...
#6 40.78 Setting up libusb-1.0-0:arm64 (2:1.0.27-1) ...
#6 40.78 Setting up dbus-system-bus-common (1.14.10-4ubuntu4.1) ...
#6 40.85 Setting up libsamplerate0:arm64 (0.2.2-4build1) ...
#6 40.85 Setting up openssl (3.0.13-0ubuntu3.16) ...
#6 40.86 Setting up libwebpmux3:arm64 (1.3.2-0.4build3) ...
#6 40.86 Setting up libbsd0:arm64 (0.12.1-1build1.1) ...
#6 40.87 Setting up libdrm-common (2.4.125-1ubuntu0.1~24.04.2) ...
#6 40.87 Setting up readline-common (8.2-4build1) ...
#6 40.87 Setting up libxml2:arm64 (2.9.14+dfsg-1.3ubuntu3.9) ...
#6 40.88 Setting up dbus-bin (1.14.10-4ubuntu4.1) ...
#6 40.88 Setting up libzvbi-common (0.2.42-2) ...
#6 40.89 Setting up libmp3lame0:arm64 (3.100-6build1) ...
#6 40.89 Setting up libvorbisenc2:arm64 (1.3.7-1build3) ...
#6 40.89 Setting up libiec61883-0:arm64 (1.2.0-6build1) ...
#6 40.90 Setting up libserd-0-0:arm64 (0.32.2-1) ...
#6 40.90 Setting up libxkbcommon0:arm64 (1.6.0-1build1) ...
#6 40.91 Setting up libwayland-client0:arm64 (1.22.0-2.1build1) ...
#6 40.91 Setting up libjpeg8:arm64 (8c-2ubuntu11) ...
#6 40.91 Setting up libavc1394-0:arm64 (0.5.4-5build3) ...
#6 40.92 Setting up session-migration (0.3.9build1) ...
#6 41.00 Created symlink /etc/systemd/user/graphical-session-pre.target.wants/session-migration.service → /usr/lib/systemd/user/session-migration.service.

#6 41.01 Setting up libxdmcp6:arm64 (1:1.1.3-0ubuntu6) ...
#6 41.01 Setting up liblapack3:arm64 (3.12.0-3build1.1) ...
#6 41.02 update-alternatives: using /usr/lib/aarch64-linux-gnu/lapack/liblapack.so.3 to provide /usr/lib/aarch64-linux-gnu/liblapack.so.3 (liblapack.so.3-aarch64-linux-gnu) in auto mode
#6 41.02 Setting up libxcb1:arm64 (1.15-1ubuntu2) ...
#6 41.03 Setting up libxcb-xfixes0:arm64 (1.15-1ubuntu2) ...
#6 41.03 Setting up libatk1.0-0t64:arm64 (2.52.0-1build1) ...
#6 41.04 Setting up libcaca0:arm64 (0.99.beta20-4ubuntu0.2) ...
#6 41.04 Setting up libzvbi0t64:arm64 (0.2.42-2) ...
#6 41.04 Setting up alsa-ucm-conf (1.2.10-1ubuntu5.15) ...
#6 41.05 Setting up libxcb-render0:arm64 (1.15-1ubuntu2) ...
#6 41.05 Setting up libsoxr0:arm64 (0.1.3-4build3) ...
#6 41.06 Setting up fontconfig-config (2.15.0-1.1ubuntu2) ...
#6 41.15 Setting up libxcb-glx0:arm64 (1.15-1ubuntu2) ...
#6 41.15 Setting up libedit2:arm64 (3.1-20230828-1build1) ...
#6 41.15 Setting up libxcb-shape0:arm64 (1.15-1ubuntu2) ...
#6 41.16 Setting up libavahi-common3:arm64 (0.8-13ubuntu6.2) ...
#6 41.16 Setting up libxcb-shm0:arm64 (1.15-1ubuntu2) ...
#6 41.17 Setting up dbus-daemon (1.14.10-4ubuntu4.1) ...
#6 41.18 Setting up libcolord2:arm64 (1.4.7-1build2) ...
#6 41.18 Setting up libxcb-present0:arm64 (1.15-1ubuntu2) ...
#6 41.18 Setting up libdconf1:arm64 (0.40.0-4ubuntu0.1) ...
#6 41.19 Setting up libthai0:arm64 (0.1.29-2build1) ...
#6 41.21 Setting up ca-certificates (20260601~24.04.1) ...
#6 41.26 debconf: unable to initialize frontend: Dialog
#6 41.26 debconf: (TERM is not set, so the dialog frontend is not usable.)
#6 41.26 debconf: falling back to frontend: Readline
#6 41.26 debconf: unable to initialize frontend: Readline
#6 41.26 debconf: (Can't locate Term/ReadLine.pm in @INC (you may need to install the Term::ReadLine module) (@INC entries checked: /etc/perl /usr/local/lib/aarch64-linux-gnu/perl/5.38.2 /usr/local/share/perl/5.38.2 /usr/lib/aarch64-linux-gnu/perl5/5.38 /usr/share/perl5 /usr/lib/aarch64-linux-gnu/perl-base /usr/lib/aarch64-linux-gnu/perl/5.38 /usr/share/perl/5.38 /usr/local/lib/site_perl) at /usr/share/perl5/Debconf/FrontEnd/Readline.pm line 8.)
#6 41.26 debconf: falling back to frontend: Teletype
#6 41.49 Updating certificates in /etc/ssl/certs...
#6 41.79 121 added, 0 removed; done.
#6 41.80 Setting up libvorbisfile3:arm64 (1.3.7-1build3) ...
#6 41.81 Setting up libplacebo338:arm64 (6.338.2-2build1) ...
#6 41.81 Setting up libfreetype6:arm64 (2.13.2+dfsg-1ubuntu0.1) ...
#6 41.82 Setting up libxcb-sync1:arm64 (1.15-1ubuntu2) ...
#6 41.82 Setting up gir1.2-girepository-2.0:arm64 (1.80.1-1) ...
#6 41.83 Setting up dbus (1.14.10-4ubuntu4.1) ...
#6 41.84 Setting up shared-mime-info (2.4-4) ...
#6 42.70 Setting up libdc1394-25:arm64 (2.2.6-4build1) ...
#6 42.71 Setting up libgssapi-krb5-2:arm64 (1.20.1-6ubuntu2.10) ...
#6 42.71 Setting up libllvm20:arm64 (1:20.1.2-0ubuntu1~24.04.3) ...
#6 42.71 Setting up libx265-199:arm64 (3.5-2build1) ...
#6 42.72 Setting up librubberband2:arm64 (3.3.0+dfsg-2build1) ...
#6 42.72 Setting up libreadline8t64:arm64 (8.2-4build1) ...
#6 42.73 Setting up libsndio7.0:arm64 (1.9.0-0.3build3) ...
#6 42.73 Setting up libjack-jackd2-0:arm64 (1.9.21~dfsg-3ubuntu3) ...
#6 42.74 Setting up libdrm2:arm64 (2.4.125-1ubuntu0.1~24.04.2) ...
#6 42.74 Setting up libva-drm2:arm64 (2.20.0-2ubuntu0.2) ...
#6 42.74 Setting up libsord-0-0:arm64 (0.16.16-2build1) ...
#6 42.75 Setting up libtiff6:arm64 (4.5.1+git230720-4ubuntu2.5) ...
#6 42.75 Setting up libwayland-cursor0:arm64 (1.22.0-2.1build1) ...
#6 42.75 Setting up libxcb-randr0:arm64 (1.15-1ubuntu2) ...
#6 42.76 Setting up libsratom-0-0:arm64 (0.6.16-1build1) ...
#6 42.76 Setting up libpam-systemd:arm64 (255.4-1ubuntu8.17) ...
#6 42.82 debconf: unable to initialize frontend: Dialog
#6 42.82 debconf: (TERM is not set, so the dialog frontend is not usable.)
#6 42.82 debconf: falling back to frontend: Readline
#6 42.82 debconf: unable to initialize frontend: Readline
#6 42.82 debconf: (Can't locate Term/ReadLine.pm in @INC (you may need to install the Term::ReadLine module) (@INC entries checked: /etc/perl /usr/local/lib/aarch64-linux-gnu/perl/5.38.2 /usr/local/share/perl/5.38.2 /usr/lib/aarch64-linux-gnu/perl5/5.38 /usr/share/perl5 /usr/lib/aarch64-linux-gnu/perl-base /usr/lib/aarch64-linux-gnu/perl/5.38 /usr/share/perl/5.38 /usr/local/lib/site_perl) at /usr/share/perl5/Debconf/FrontEnd/Readline.pm line 8.)
#6 42.82 debconf: falling back to frontend: Teletype
#6 42.86 Setting up libdecor-0-0:arm64 (0.2.2-1build2) ...
#6 42.86 Setting up libx11-6:arm64 (2:1.8.7-1build1) ...
#6 42.87 Setting up libharfbuzz0b:arm64 (8.3.0-2build2) ...
#6 42.87 Setting up libgdk-pixbuf-2.0-0:arm64 (2.42.10+dfsg-3ubuntu3.3) ...
#6 42.89 Setting up libfontconfig1:arm64 (2.15.0-1.1ubuntu2) ...
#6 42.89 Setting up libsndfile1:arm64 (1.2.2-1ubuntu5.24.04.1) ...
#6 42.90 Setting up libbluray2:arm64 (1:1.3.4-1build1) ...
#6 42.90 Setting up libxcomposite1:arm64 (1:0.4.5-1build3) ...
#6 42.91 Setting up liblilv-0-0:arm64 (0.24.22-1build1) ...
#6 42.91 Setting up libopenmpt0t64:arm64 (0.7.3-1.1build3) ...
#6 42.91 Setting up libavahi-client3:arm64 (0.8-13ubuntu6.2) ...
#6 42.92 Setting up systemd-resolved (255.4-1ubuntu8.17) ...
#6 42.92 Converting /etc/resolv.conf to a symlink to /run/systemd/resolve/stub-resolv.conf...
#6 42.93 mv: cannot move '/etc/resolv.conf' to '/etc/.resolv.conf.systemd-resolved.bak': Device or resource busy
#6 42.93 Cannot take a backup of /etc/resolv.conf.
#6 42.93 ln: failed to create symbolic link '/etc/resolv.conf': Device or resource busy
#6 42.93 Cannot install symlink from /etc/resolv.conf to ../run/systemd/resolve/stub-resolv.conf
#6 42.93 Creating group 'systemd-resolve' with GID 996.

#6 42.93 Creating user 'systemd-resolve' (systemd Resolver) with UID 996 and GID 996.

#6 43.01 Created symlink /etc/systemd/system/dbus-org.freedesktop.resolve1.service → /usr/lib/systemd/system/systemd-resolved.service.

#6 43.01 Created symlink /etc/systemd/system/sysinit.target.wants/systemd-resolved.service → /usr/lib/systemd/system/systemd-resolved.service.

#6 43.02 Setting up libdrm-amdgpu1:arm64 (2.4.125-1ubuntu0.1~24.04.2) ...
#6 43.02 Setting up libssh-gcrypt-4:arm64 (0.10.6-2ubuntu0.5) ...
#6 43.02 Setting up libxcb-dri3-0:arm64 (1.15-1ubuntu2) ...
#6 43.03 Setting up gtk-update-icon-cache (3.24.41-4ubuntu1.3) ...
#6 43.03 Setting up libx11-xcb1:arm64 (2:1.8.7-1build1) ...
#6 43.04 Setting up mesa-libgallium:arm64 (25.2.8-0ubuntu0.24.04.4) ...
#6 43.04 Setting up fontconfig (2.15.0-1.1ubuntu2) ...
#6 43.04 Regenerating fonts cache... done.
#6 45.06 Setting up libxdamage1:arm64 (1:1.1.6-1build1) ...
#6 45.06 Setting up libzmq5:arm64 (4.3.5-1build2) ...
#6 45.07 Setting up libpython3.12-stdlib:arm64 (3.12.3-1ubuntu0.17) ...
#6 45.07 Setting up libxrender1:arm64 (1:0.9.10-1.1build1) ...
#6 45.08 Setting up libgbm1:arm64 (25.2.8-0ubuntu0.24.04.4) ...
#6 45.08 Setting up libpulse0:arm64 (1:16.1+dfsg1-2ubuntu10.1) ...
#6 45.09 Setting up python3.12 (3.12.3-1ubuntu0.17) ...
#6 45.94 Setting up libpango-1.0-0:arm64 (1.52.1+ds-1build1) ...
#6 45.96 Setting up libgl1-mesa-dri:arm64 (25.2.8-0ubuntu0.24.04.4) ...
#6 45.99 Setting up libxext6:arm64 (2:1.3.4-1build2) ...
#6 46.01 Setting up libopenal1:arm64 (1:1.23.1-4build1) ...
#6 46.02 Setting up libcairo2:arm64 (1.18.0-3build1) ...
#6 46.05 Setting up libxxf86vm1:arm64 (1:1.1.4-1build4) ...
#6 46.07 Setting up libsphinxbase3t64:arm64 (0.8+5prealpha+1-17build2) ...
#6 46.08 Setting up dbus-user-session (1.14.10-4ubuntu4.1) ...
#6 46.10 Setting up libass9:arm64 (1:0.17.1-2build1) ...
#6 46.12 Setting up libxfixes3:arm64 (1:6.0.0-2build1) ...
#6 46.13 Setting up libxinerama1:arm64 (2:1.1.4-3build1) ...
#6 46.15 Setting up libxv1:arm64 (2:1.0.11-1.1build1) ...
#6 46.16 Setting up libxrandr2:arm64 (2:1.5.2-2build1) ...
#6 46.17 Setting up libgdk-pixbuf2.0-bin (2.42.10+dfsg-3ubuntu3.3) ...
#6 46.18 Setting up libvdpau1:arm64 (1.5-2build1) ...
#6 46.19 Setting up libtheora0:arm64 (1.1.1+dfsg.1-16.1build3) ...
#6 46.20 Setting up libcairo-gobject2:arm64 (1.18.0-3build1) ...
#6 46.21 Setting up libxss1:arm64 (1:1.2.3-1build3) ...
#6 46.22 Setting up mesa-va-drivers:arm64 (25.2.8-0ubuntu0.24.04.4) ...
#6 46.23 Setting up libpangoft2-1.0-0:arm64 (1.52.1+ds-1build1) ...
#6 46.24 Setting up libva-x11-2:arm64 (2.20.0-2ubuntu0.2) ...
#6 46.25 Setting up libcups2t64:arm64 (2.4.7-1.2ubuntu7.14) ...
#6 46.27 Setting up libpangocairo-1.0-0:arm64 (1.52.1+ds-1build1) ...
#6 46.28 Setting up libpython3-stdlib:arm64 (3.12.3-0ubuntu2.1) ...
#6 46.29 Setting up mesa-vulkan-drivers:arm64 (25.2.8-0ubuntu0.24.04.4) ...
#6 46.31 Setting up mesa-vdpau-drivers:arm64 (25.2.8-0ubuntu0.24.04.4) ...
#6 46.32 Setting up libglx-mesa0:arm64 (25.2.8-0ubuntu0.24.04.4) ...
#6 46.34 Setting up libxi6:arm64 (2:1.8.1-1build1) ...
#6 46.35 Setting up libglx0:arm64 (1.7.0-1build1) ...
#6 46.37 Setting up libxtst6:arm64 (2:1.2.3-1.1build1) ...
#6 46.38 Setting up libxcursor1:arm64 (1:1.2.1-1build1) ...
#6 46.39 Setting up libavutil58:arm64 (7:6.1.1-3ubuntu5) ...
#6 46.41 Setting up dconf-service (0.40.0-4ubuntu0.1) ...
#6 46.41 Setting up python3 (3.12.3-0ubuntu2.1) ...
#6 46.45 running python rtupdate hooks for python3.12...
#6 46.45 running python post-rtupdate hooks for python3.12...
#6 46.56 Setting up librsvg2-2:arm64 (2.58.0+dfsg-1build1) ...
#6 46.56 Setting up libpocketsphinx3:arm64 (0.8.0+real5prealpha+1-15ubuntu5) ...
#6 46.57 Setting up libgl1:arm64 (1.7.0-1build1) ...
#6 46.58 Setting up libswresample4:arm64 (7:6.1.1-3ubuntu5) ...
#6 46.59 Setting up va-driver-all:arm64 (2.20.0-2ubuntu0.2) ...
#6 46.60 Setting up libatspi2.0-0t64:arm64 (2.52.0-1build1) ...
#6 46.60 Setting up python3-gi (3.48.2-1) ...
#6 46.96 Setting up librsvg2-common:arm64 (2.58.0+dfsg-1build1) ...
#6 47.05 Setting up libavcodec60:arm64 (7:6.1.1-3ubuntu5) ...
#6 47.06 Setting up vdpau-driver-all:arm64 (1.5-2build1) ...
#6 47.08 Setting up libpostproc57:arm64 (7:6.1.1-3ubuntu5) ...
#6 47.09 Setting up libsdl2-2.0-0:arm64 (2.30.0+dfsg-1ubuntu3.1) ...
#6 47.10 Setting up libswscale7:arm64 (7:6.1.1-3ubuntu5) ...
#6 47.10 Setting up libatk-bridge2.0-0t64:arm64 (2.52.0-1build1) ...
#6 47.11 Setting up python3-dbus (1.3.2-5build3) ...
#6 47.27 Setting up dconf-gsettings-backend:arm64 (0.40.0-4ubuntu0.1) ...
#6 47.28 Setting up libavformat60:arm64 (7:6.1.1-3ubuntu5) ...
#6 47.29 Setting up libavfilter9:arm64 (7:6.1.1-3ubuntu5) ...
#6 47.30 Setting up libgtk-3-common (3.24.41-4ubuntu1.3) ...
#6 47.31 Setting up networkd-dispatcher (2.2.4-1) ...
#6 47.42 Created symlink /etc/systemd/system/multi-user.target.wants/networkd-dispatcher.service → /usr/lib/systemd/system/networkd-dispatcher.service.

#6 47.43 Setting up gsettings-desktop-schemas (46.1-0ubuntu1) ...
#6 47.44 Setting up libavdevice60:arm64 (7:6.1.1-3ubuntu5) ...
#6 47.45 Setting up at-spi2-core (2.52.0-1build1) ...
#6 47.46 Setting up ffmpeg (7:6.1.1-3ubuntu5) ...
#6 47.47 Setting up adwaita-icon-theme (46.0-1) ...
#6 47.49 update-alternatives: using /usr/share/icons/Adwaita/cursor.theme to provide /usr/share/icons/default/index.theme (x-cursor-theme) in auto mode
#6 47.50 Setting up libgtk-3-0t64:arm64 (3.24.41-4ubuntu1.3) ...
#6 47.52 Setting up libdecor-0-plugin-1-gtk:arm64 (0.2.2-1build2) ...
#6 47.53 Setting up libgtk-3-bin (3.24.41-4ubuntu1.3) ...
#6 47.54 Setting up humanity-icon-theme (0.6.16) ...
#6 47.70 Setting up ubuntu-mono (24.04-0ubuntu1) ...
#6 47.73 Processing triggers for libc-bin (2.39-0ubuntu8.9) ...
#6 47.76 Processing triggers for ca-certificates (20260601~24.04.1) ...
#6 47.76 Updating certificates in /etc/ssl/certs...
#6 47.97 0 added, 0 removed; done.
#6 47.97 Running hooks in /etc/ca-certificates/update.d...
#6 47.97 done.
#6 47.98 Processing triggers for libgdk-pixbuf-2.0-0:arm64 (2.42.10+dfsg-3ubuntu3.3) ...
#6 DONE 48.3s

#7 [4/7] RUN mkdir -p /home/user/source /home/user/output
#7 DONE 0.4s

#8 [5/7] RUN ffmpeg -f lavfi -i testsrc2=size=640x480:rate=30:duration=60     -f lavfi -i sine=frequency=440:duration=60     -c:v libx264 -preset ultrafast -pix_fmt yuv420p     -c:a aac -b:a 128k     -t 60     /home/user/source/sample_video.mp4
#8 0.193 ffmpeg version 6.1.1-3ubuntu5 Copyright (c) 2000-2023 the FFmpeg developers
#8 0.193   built with gcc 13 (Ubuntu 13.2.0-23ubuntu3)
#8 0.193   configuration: --prefix=/usr --extra-version=3ubuntu5 --toolchain=hardened --libdir=/usr/lib/aarch64-linux-gnu --incdir=/usr/include/aarch64-linux-gnu --arch=arm64 --enable-gpl --disable-stripping --disable-omx --enable-gnutls --enable-libaom --enable-libass --enable-libbs2b --enable-libcaca --enable-libcdio --enable-libcodec2 --enable-libdav1d --enable-libflite --enable-libfontconfig --enable-libfreetype --enable-libfribidi --enable-libglslang --enable-libgme --enable-libgsm --enable-libharfbuzz --enable-libmp3lame --enable-libmysofa --enable-libopenjpeg --enable-libopenmpt --enable-libopus --enable-librubberband --enable-libshine --enable-libsnappy --enable-libsoxr --enable-libspeex --enable-libtheora --enable-libtwolame --enable-libvidstab --enable-libvorbis --enable-libvpx --enable-libwebp --enable-libx265 --enable-libxml2 --enable-libxvid --enable-libzimg --enable-openal --enable-opencl --enable-opengl --disable-sndio --enable-libdc1394 --enable-libdrm --enable-libiec61883 --enable-chromaprint --enable-frei0r --enable-ladspa --enable-libbluray --enable-libjack --enable-libpulse --enable-librabbitmq --enable-librist --enable-libsrt --enable-libssh --enable-libsvtav1 --enable-libx264 --enable-libzmq --enable-libzvbi --enable-lv2 --enable-sdl2 --enable-libplacebo --enable-librav1e --enable-pocketsphinx --enable-librsvg --enable-libjxl --enable-shared
#8 0.193   libavutil      58. 29.100 / 58. 29.100
#8 0.193   libavcodec     60. 31.102 / 60. 31.102
#8 0.193   libavformat    60. 16.100 / 60. 16.100
#8 0.193   libavdevice    60.  3.100 / 60.  3.100
#8 0.193   libavfilter     9. 12.100 /  9. 12.100
#8 0.193   libswscale      7.  5.100 /  7.  5.100
#8 0.193   libswresample   4. 12.100 /  4. 12.100
#8 0.193   libpostproc    57.  3.100 / 57.  3.100
#8 0.197 Input #0, lavfi, from 'testsrc2=size=640x480:rate=30:duration=60':
#8 0.197   Duration: N/A, start: 0.000000, bitrate: N/A
#8 0.197   Stream #0:0: Video: wrapped_avframe, yuv420p, 640x480 [SAR 1:1 DAR 4:3], 30 fps, 30 tbr, 30 tbn
#8 0.199 Input #1, lavfi, from 'sine=frequency=440:duration=60':
#8 0.199   Duration: N/A, start: 0.000000, bitrate: 705 kb/s
#8 0.199   Stream #1:0: Audio: pcm_s16le, 44100 Hz, mono, s16, 705 kb/s
#8 0.200 Stream mapping:
#8 0.200   Stream #0:0 -> #0:0 (wrapped_avframe (native) -> h264 (libx264))
#8 0.200   Stream #1:0 -> #0:1 (pcm_s16le (native) -> aac (native))
#8 0.200 Press [q] to stop, [?] for help
#8 0.203 [libx264 @ 0xaaaafdd29f70] using SAR=1/1
#8 0.206 [libx264 @ 0xaaaafdd29f70] using cpu capabilities: ARMv8 NEON
#8 0.209 [libx264 @ 0xaaaafdd29f70] profile Constrained Baseline, level 3.0, 4:2:0, 8-bit
#8 0.209 [libx264 @ 0xaaaafdd29f70] 264 - core 164 r3108 31e19f9 - H.264/MPEG-4 AVC codec - Copyleft 2003-2023 - http://www.videolan.org/x264.html - options: cabac=0 ref=1 deblock=0:0:0 analyse=0:0 me=dia subme=0 psy=1 psy_rd=1.00:0.00 mixed_ref=0 me_range=16 chroma_me=1 trellis=0 8x8dct=0 cqm=0 deadzone=21,11 fast_pskip=1 chroma_qp_offset=0 threads=15 lookahead_threads=2 sliced_threads=0 nr=0 decimate=1 interlaced=0 bluray_compat=0 constrained_intra=0 bframes=0 weightp=0 keyint=250 keyint_min=25 scenecut=0 intra_refresh=0 rc=crf mbtree=0 crf=23.0 qcomp=0.60 qpmin=0 qpmax=69 qpstep=4 ip_ratio=1.40 aq=0
#8 0.213 Output #0, mp4, to '/home/user/source/sample_video.mp4':
#8 0.213   Metadata:
#8 0.213     encoder         : Lavf60.16.100
#8 0.213   Stream #0:0: Video: h264 (avc1 / 0x31637661), yuv420p(progressive), 640x480 [SAR 1:1 DAR 4:3], q=2-31, 30 fps, 15360 tbn
#8 0.213     Metadata:
#8 0.213       encoder         : Lavc60.31.102 libx264
#8 0.213     Side data:
#8 0.213       cpb: bitrate max/min/avg: 0/0/0 buffer size: 0 vbv_delay: N/A
#8 0.213   Stream #0:1: Audio: aac (LC) (mp4a / 0x6134706D), 44100 Hz, mono, fltp, 128 kb/s
#8 0.213     Metadata:
#8 0.213       encoder         : Lavc60.31.102 aac
#8 0.213 frame=    0 fps=0.0 q=0.0 size=       0kB time=N/A bitrate=N/A speed=N/A    
frame=  410 fps=0.0 q=20.0 size=    4352kB time=00:00:14.14 bitrate=2521.2kbits/s speed=27.7x    
frame=  754 fps=746 q=20.0 size=    7936kB time=00:00:25.58 bitrate=2540.7kbits/s speed=25.3x    
frame= 1079 fps=714 q=20.0 size=   11520kB time=00:00:36.43 bitrate=2590.4kbits/s speed=24.1x    
frame= 1449 fps=720 q=21.0 size=   15616kB time=00:00:48.76 bitrate=2623.5kbits/s speed=24.2x    
[out#0/mp4 @ 0xaaaafdd28940] video:18498kB audio:939kB subtitle:0kB other streams:0kB global headers:0kB muxing overhead: 0.262275%
#8 2.664 frame= 1800 fps=731 q=-1.0 Lsize=   19488kB time=00:00:59.97 bitrate=2661.8kbits/s speed=24.4x    
#8 2.667 [libx264 @ 0xaaaafdd29f70] frame I:8     Avg QP:17.38  size: 22189
#8 2.667 [libx264 @ 0xaaaafdd29f70] frame P:1792  Avg QP:20.26  size: 10471
#8 2.667 [libx264 @ 0xaaaafdd29f70] mb I  I16..4: 100.0%  0.0%  0.0%
#8 2.667 [libx264 @ 0xaaaafdd29f70] mb P  I16..4:  3.8%  0.0%  0.0%  P16..4: 14.3%  0.0%  0.0%  0.0%  0.0%    skip:81.8%
#8 2.667 [libx264 @ 0xaaaafdd29f70] coded y,uvDC,uvAC intra: 7.7% 19.2% 14.4% inter: 7.4% 12.0% 9.6%
#8 2.667 [libx264 @ 0xaaaafdd29f70] i16 v,h,dc,p: 86%  9%  4%  0%
#8 2.667 [libx264 @ 0xaaaafdd29f70] i8c dc,h,v,p: 51% 12% 36%  1%
#8 2.667 [libx264 @ 0xaaaafdd29f70] kb/s:2525.54
#8 2.674 [aac @ 0xaaaafdd2c870] Qavg: 2459.860
#8 DONE 2.7s

#9 [6/7] WORKDIR /home/user
#9 DONE 0.0s

#10 [7/7] RUN if command -v python3 >/dev/null 2>&1 && python3 -m pip --version >/dev/null 2>&1; then python3 -m pip install --break-system-packages --no-cache-dir pytest==8.4.1; else apt-get update && apt-get install -y --no-install-recommends python3 python3-pip && rm -rf /var/lib/apt/lists/* && python3 -m pip install --break-system-packages --no-cache-dir pytest==8.4.1; fi
#10 0.614 Get:1 http://ports.ubuntu.com/ubuntu-ports noble InRelease [256 kB]
#10 1.060 Get:2 http://ports.ubuntu.com/ubuntu-ports noble-updates InRelease [126 kB]
#10 1.140 Get:3 http://ports.ubuntu.com/ubuntu-ports noble-backports InRelease [126 kB]
#10 1.239 Get:4 http://ports.ubuntu.com/ubuntu-ports noble-security InRelease [126 kB]
#10 1.341 Get:5 http://ports.ubuntu.com/ubuntu-ports noble/main arm64 Packages [1776 kB]
#10 1.706 Get:6 http://ports.ubuntu.com/ubuntu-ports noble/multiverse arm64 Packages [274 kB]
#10 1.713 Get:7 http://ports.ubuntu.com/ubuntu-ports noble/universe arm64 Packages [19.0 MB]
#10 2.844 Get:8 http://ports.ubuntu.com/ubuntu-ports noble/restricted arm64 Packages [113 kB]
#10 2.846 Get:9 http://ports.ubuntu.com/ubuntu-ports noble-updates/main arm64 Packages [1758 kB]
#10 2.859 Get:10 http://ports.ubuntu.com/ubuntu-ports noble-updates/universe arm64 Packages [2210 kB]
#10 2.943 Get:11 http://ports.ubuntu.com/ubuntu-ports noble-updates/multiverse arm64 Packages [96.8 kB]
#10 2.945 Get:12 http://ports.ubuntu.com/ubuntu-ports noble-updates/restricted arm64 Packages [3132 kB]
#10 3.063 Get:13 http://ports.ubuntu.com/ubuntu-ports noble-backports/universe arm64 Packages [36.3 kB]
#10 3.063 Get:14 http://ports.ubuntu.com/ubuntu-ports noble-backports/multiverse arm64 Packages [671 B]
#10 3.063 Get:15 http://ports.ubuntu.com/ubuntu-ports noble-backports/main arm64 Packages [49.0 kB]
#10 3.065 Get:16 http://ports.ubuntu.com/ubuntu-ports noble-security/restricted arm64 Packages [2886 kB]
#10 3.396 Get:17 http://ports.ubuntu.com/ubuntu-ports noble-security/main arm64 Packages [1390 kB]
#10 3.404 Get:18 http://ports.ubuntu.com/ubuntu-ports noble-security/multiverse arm64 Packages [89.7 kB]
#10 3.406 Get:19 http://ports.ubuntu.com/ubuntu-ports noble-security/universe arm64 Packages [1624 kB]
#10 4.291 Fetched 35.1 MB in 4s (8689 kB/s)
#10 4.291 Reading package lists...
#10 5.891 Reading package lists...
#10 6.720 Building dependency tree...
#10 6.920 Reading state information...
#10 7.125 python3 is already the newest version (3.12.3-0ubuntu2.1).
#10 7.125 python3 set to manually installed.
#10 7.125 The following additional packages will be installed:
#10 7.125   python3-pkg-resources python3-setuptools python3-wheel
#10 7.126 Suggested packages:
#10 7.126   python-setuptools-doc
#10 7.126 Recommended packages:
#10 7.126   build-essential python3-dev
#10 7.186 The following NEW packages will be installed:
#10 7.186   python3-pip python3-pkg-resources python3-setuptools python3-wheel
#10 7.423 0 upgraded, 4 newly installed, 0 to remove and 2 not upgraded.
#10 7.423 Need to get 1938 kB of archives.
#10 7.423 After this operation, 10.3 MB of additional disk space will be used.
#10 7.423 Get:1 http://ports.ubuntu.com/ubuntu-ports noble-updates/main arm64 python3-pkg-resources all 68.1.2-2ubuntu1.2 [168 kB]
#10 7.766 Get:2 http://ports.ubuntu.com/ubuntu-ports noble-updates/main arm64 python3-setuptools all 68.1.2-2ubuntu1.2 [397 kB]
#10 7.964 Get:3 http://ports.ubuntu.com/ubuntu-ports noble/universe arm64 python3-wheel all 0.42.0-2 [53.1 kB]
#10 7.971 Get:4 http://ports.ubuntu.com/ubuntu-ports noble-updates/universe arm64 python3-pip all 24.0+dfsg-1ubuntu1.3 [1320 kB]
#10 8.254 debconf: delaying package configuration, since apt-utils is not installed
#10 8.281 Fetched 1938 kB in 1s (2072 kB/s)
#10 8.298 Selecting previously unselected package python3-pkg-resources.
#10 8.298 (Reading database ... 
(Reading database ... 5%
(Reading database ... 10%
(Reading database ... 15%
(Reading database ... 20%
(Reading database ... 25%
(Reading database ... 30%
(Reading database ... 35%
(Reading database ... 40%
(Reading database ... 45%
(Reading database ... 50%
(Reading database ... 55%
(Reading database ... 60%
(Reading database ... 65%
(Reading database ... 70%
(Reading database ... 75%
(Reading database ... 80%
(Reading database ... 85%
(Reading database ... 90%
(Reading database ... 95%
(Reading database ... 100%
(Reading database ... 23520 files and directories currently installed.)
#10 8.329 Preparing to unpack .../python3-pkg-resources_68.1.2-2ubuntu1.2_all.deb ...
#10 8.332 Unpacking python3-pkg-resources (68.1.2-2ubuntu1.2) ...
#10 8.363 Selecting previously unselected package python3-setuptools.
#10 8.364 Preparing to unpack .../python3-setuptools_68.1.2-2ubuntu1.2_all.deb ...
#10 8.367 Unpacking python3-setuptools (68.1.2-2ubuntu1.2) ...
#10 8.415 Selecting previously unselected package python3-wheel.
#10 8.417 Preparing to unpack .../python3-wheel_0.42.0-2_all.deb ...
#10 8.419 Unpacking python3-wheel (0.42.0-2) ...
#10 8.438 Selecting previously unselected package python3-pip.
#10 8.440 Preparing to unpack .../python3-pip_24.0+dfsg-1ubuntu1.3_all.deb ...
#10 8.442 Unpacking python3-pip (24.0+dfsg-1ubuntu1.3) ...
#10 8.557 Setting up python3-pkg-resources (68.1.2-2ubuntu1.2) ...
#10 8.731 Setting up python3-setuptools (68.1.2-2ubuntu1.2) ...
#10 9.103 Setting up python3-wheel (0.42.0-2) ...
#10 9.212 Setting up python3-pip (24.0+dfsg-1ubuntu1.3) ...
#10 10.67 Collecting pytest==8.4.1
#10 10.82   Downloading pytest-8.4.1-py3-none-any.whl.metadata (7.7 kB)
#10 10.85 Collecting iniconfig>=1 (from pytest==8.4.1)
#10 10.88   Downloading iniconfig-2.3.0-py3-none-any.whl.metadata (2.5 kB)
#10 10.92 Collecting packaging>=20 (from pytest==8.4.1)
#10 11.02   Downloading packaging-26.3-py3-none-any.whl.metadata (3.5 kB)
#10 11.06 Collecting pluggy<2,>=1.5 (from pytest==8.4.1)
#10 11.08   Downloading pluggy-1.6.0-py3-none-any.whl.metadata (4.8 kB)
#10 11.13 Collecting pygments>=2.7.2 (from pytest==8.4.1)
#10 11.16   Downloading pygments-2.21.0-py3-none-any.whl.metadata (2.5 kB)
#10 11.20 Downloading pytest-8.4.1-py3-none-any.whl (365 kB)
#10 11.42    ━━━━━━━━━━━━━━━━━━━━━━━━━━━━━━━━━━━━━━━━ 365.5/365.5 kB 1.7 MB/s eta 0:00:00
#10 11.55 Downloading iniconfig-2.3.0-py3-none-any.whl (7.5 kB)
#10 11.57 Downloading packaging-26.3-py3-none-any.whl (129 kB)
#10 11.59    ━━━━━━━━━━━━━━━━━━━━━━━━━━━━━━━━━━━━━━━━ 130.0/130.0 kB 11.1 MB/s eta 0:00:00
#10 11.62 Downloading pluggy-1.6.0-py3-none-any.whl (20 kB)
#10 11.64 Downloading pygments-2.21.0-py3-none-any.whl (1.3 MB)
#10 11.72    ━━━━━━━━━━━━━━━━━━━━━━━━━━━━━━━━━━━━━━━━ 1.3/1.3 MB 16.1 MB/s eta 0:00:00
#10 11.77 Installing collected packages: pygments, pluggy, packaging, iniconfig, pytest
#10 12.76 Successfully installed iniconfig-2.3.0 packaging-26.3 pluggy-1.6.0 pygments-2.21.0 pytest-8.4.1
#10 12.76 WARNING: Running pip as the 'root' user can result in broken permissions and conflicting behaviour with the system package manager. It is recommended to use a virtual environment instead: https://pip.pypa.io/warnings/venv
#10 DONE 12.9s

#11 exporting to image
#11 exporting layers
#11 exporting layers 22.3s done
#11 exporting manifest sha256:ed176c2a5283d21eba8180c7b500fac53a895406394535573788e39d19d520d3 done
#11 exporting config sha256:730cd075f3e396d710cdec579545ff1fc52baddc42ad5a00e4d3ffc062254a51 done
#11 exporting attestation manifest sha256:559f73b457d718e2cc505d7f9f4692fe5ea38aa842c919fe432e22d1f7da5ddf done
#11 exporting manifest list sha256:4a7560177edb5057b8b056c36ef90b2f8e78224f2a44070ae811ed137fb0719c done
#11 naming to docker.io/library/verity-710:local done
#11 unpacking to docker.io/library/verity-710:local
#11 unpacking to docker.io/library/verity-710:local 6.2s done
#11 DONE 28.6s

View build details: docker-desktop://dashboard/build/desktop-linux/desktop-linux/mp6grvgg3tvoz9hi5grok9099
